F0505/MID3/,F0505/MID4/,1
F0872/MID1/,F0872/MID7/,1
F0976/MID5/,F0567/MID2/,0
F0256/MID1/,F0256/MID7/,1
F0492/MID1/,F0730/MID4/,0
F0726/MID4/,F0726/MID1/,1
F0819/MID6/,F0819/MID4/,1
F0788/MID2/,F0997/MID4/,0
F0568/MID2/,F0509/MID1/,0
F0401/MID8/,F0607/MID3/,0
F0991/MID5/,F0991/MID3/,1
F0896/MID2/,F0445/MID2/,0
F0781/MID1/,F0133/MID4/,0
F0448/MID2/,F0430/MID2/,0
F0189/MID2/,F0387/MID7/,0
F0991/MID15/,F0991/MID13/,1
F0086/MID4/,F0508/MID4/,0
F0956/MID6/,F0956/MID7/,1
F0425/MID10/,F0425/MID7/,1
F0205/MID8/,F0205/MID3/,1
F0780/MID1/,F0152/MID6/,0
F0332/MID2/,F0060/MID1/,0
F0144/MID3/,F0144/MID7/,1
F0601/MID8/,F0543/MID4/,0
F0740/MID1/,F0740/MID6/,1
F0552/MID13/,F0552/MID6/,1
F0251/MID1/,F0251/MID6/,1
F0036/MID2/,F0667/MID1/,0
F0754/MID3/,F0754/MID5/,1
F0636/MID6/,F0636/MID5/,1
F0052/MID3/,F0647/MID2/,0
F0769/MID7/,F0769/MID1/,1
F0008/MID8/,F0467/MID4/,0
F0581/MID2/,F0762/MID4/,0
F0234/MID4/,F0815/MID5/,0
F0656/MID5/,F0656/MID4/,1
F0642/MID7/,F0642/MID3/,1
F0763/MID8/,F0763/MID9/,1
F0821/MID1/,F0796/MID8/,0
F0206/MID10/,F0206/MID8/,1
F0517/MID2/,F0517/MID1/,1
F0626/MID4/,F0626/MID3/,1
F0506/MID4/,F0942/MID1/,0
F0987/MID10/,F0987/MID15/,1
F0442/MID3/,F0639/MID4/,0
F0218/MID2/,F0557/MID1/,0
F0998/MID3/,F0998/MID2/,1
F0526/MID2/,F0526/MID1/,1
F0007/MID3/,F0007/MID5/,1
F0793/MID2/,F0813/MID3/,0
F0762/MID2/,F0762/MID3/,1
F0771/MID2/,F0999/MID2/,0
F0182/MID3/,F0769/MID6/,0
F0192/MID2/,F0940/MID2/,0
F0156/MID2/,F0944/MID1/,0
F0158/MID6/,F0930/MID1/,0
F0054/MID1/,F0715/MID5/,0
F0443/MID5/,F0278/MID4/,0
F0337/MID2/,F0337/MID8/,1
F0387/MID4/,F0293/MID5/,0
F0150/MID3/,F0150/MID5/,1
F0492/MID2/,F0418/MID1/,0
F0991/MID8/,F0837/MID1/,0
F0144/MID1/,F0144/MID6/,1
F0836/MID1/,F0861/MID2/,0
F0093/MID4/,F0531/MID1/,0
F0684/MID4/,F0563/MID1/,0
F0542/MID2/,F0542/MID8/,1
F0231/MID4/,F0231/MID9/,1
F0899/MID2/,F0918/MID3/,0
F0642/MID1/,F0642/MID2/,1
F0922/MID3/,F0922/MID4/,1
F0163/MID5/,F0163/MID6/,1
F0451/MID3/,F0889/MID2/,0
F0475/MID4/,F0475/MID5/,1
F0715/MID1/,F0414/MID1/,0
F0793/MID1/,F0774/MID2/,0
F0160/MID7/,F0160/MID6/,1
F0991/MID11/,F0713/MID5/,0
F0749/MID3/,F0749/MID1/,1
F0763/MID4/,F0763/MID9/,1
F0023/MID6/,F0023/MID2/,1
F0765/MID4/,F0044/MID2/,0
F0879/MID5/,F0879/MID4/,1
F0090/MID7/,F0284/MID2/,0
F0734/MID4/,F0734/MID3/,1
F0259/MID2/,F0259/MID3/,1
F0118/MID7/,F0118/MID4/,1
F0061/MID5/,F0061/MID1/,1
F0991/MID4/,F0125/MID5/,0
F0905/MID2/,F0848/MID2/,0
F0501/MID5/,F0196/MID3/,0
F0163/MID7/,F0163/MID5/,1
F0120/MID4/,F0045/MID3/,0
F0374/MID5/,F0878/MID2/,0
F0418/MID1/,F0128/MID1/,0
F0064/MID6/,F0064/MID5/,1
F0320/MID11/,F0748/MID1/,0
F0257/MID3/,F0257/MID1/,1
F0598/MID5/,F0930/MID6/,0
F0731/MID6/,F0731/MID2/,1
F1000/MID2/,F0213/MID2/,0
F0995/MID6/,F0995/MID1/,1
F0213/MID2/,F0956/MID2/,0
F0011/MID3/,F0409/MID2/,0
F0393/MID4/,F0874/MID6/,0
F0994/MID4/,F0755/MID2/,0
F0861/MID3/,F0846/MID2/,0
F0158/MID4/,F0421/MID1/,0
F0475/MID3/,F0475/MID4/,1
F0526/MID1/,F0634/MID4/,0
F0425/MID8/,F0425/MID9/,1
F0330/MID3/,F0622/MID6/,0
F0197/MID6/,F0197/MID3/,1
F0755/MID6/,F0722/MID1/,0
F0048/MID10/,F0048/MID2/,1
F0559/MID3/,F0559/MID2/,1
F0348/MID4/,F0219/MID3/,0
F0156/MID4/,F0156/MID5/,1
F0703/MID6/,F0237/MID5/,0
F0993/MID4/,F0661/MID4/,0
F0518/MID4/,F0622/MID4/,0
F0259/MID3/,F0103/MID8/,0
F0547/MID3/,F0441/MID2/,0
F0226/MID1/,F0887/MID9/,0
F0771/MID5/,F0771/MID3/,1
F0601/MID8/,F0819/MID10/,0
F0288/MID4/,F0288/MID6/,1
F0029/MID4/,F0029/MID6/,1
F0742/MID5/,F0742/MID3/,1
F0055/MID1/,F0312/MID3/,0
F0291/MID7/,F0714/MID2/,0
F0852/MID3/,F0269/MID2/,0
F0245/MID4/,F0192/MID7/,0
F0623/MID2/,F0542/MID7/,0
F0197/MID3/,F0197/MID6/,1
F0144/MID1/,F0144/MID5/,1
F0578/MID4/,F0750/MID2/,0
F0495/MID1/,F0068/MID1/,0
F1000/MID7/,F1000/MID9/,1
F0008/MID3/,F0606/MID3/,0
F0335/MID1/,F0335/MID2/,1
F0773/MID3/,F0205/MID4/,0
F0763/MID2/,F0763/MID7/,1
F0390/MID10/,F0390/MID8/,1
F0008/MID7/,F0422/MID3/,0
F0367/MID1/,F0701/MID5/,0
F0668/MID3/,F0558/MID2/,0
F0103/MID8/,F0069/MID4/,0
F0099/MID10/,F0345/MID6/,0
F0825/MID1/,F0825/MID4/,1
F0144/MID4/,F0144/MID1/,1
F0924/MID3/,F0924/MID4/,1
F0590/MID5/,F0590/MID4/,1
F0995/MID10/,F0995/MID6/,1
F0340/MID1/,F0237/MID3/,0
F0099/MID9/,F0099/MID8/,1
F0796/MID7/,F0796/MID2/,1
F0649/MID4/,F0649/MID3/,1
F0763/MID7/,F0763/MID5/,1
F0653/MID3/,F0653/MID4/,1
F0783/MID1/,F0919/MID3/,0
F0152/MID3/,F0152/MID4/,1
F0485/MID4/,F0836/MID8/,0
F0796/MID7/,F0796/MID3/,1
F0032/MID1/,F0714/MID3/,0
F0351/MID3/,F0390/MID5/,0
F0995/MID7/,F0995/MID9/,1
F0835/MID6/,F0835/MID8/,1
F0118/MID7/,F0995/MID15/,0
F0769/MID6/,F0647/MID4/,0
F0696/MID7/,F0690/MID2/,0
F0495/MID5/,F0495/MID3/,1
F0755/MID6/,F0755/MID3/,1
F0712/MID2/,F0712/MID4/,1
F0123/MID7/,F0123/MID5/,1
F0872/MID7/,F0872/MID5/,1
F0991/MID20/,F0622/MID3/,0
F0198/MID4/,F0459/MID3/,0
F0587/MID6/,F0066/MID3/,0
F0285/MID5/,F0285/MID2/,1
F0479/MID6/,F0064/MID6/,0
F0621/MID4/,F0621/MID2/,1
F0542/MID3/,F0330/MID1/,0
F0250/MID3/,F0687/MID2/,0
F0479/MID4/,F0479/MID3/,1
F0814/MID5/,F0814/MID1/,1
F0061/MID7/,F0061/MID8/,1
F0590/MID5/,F0793/MID4/,0
F0984/MID5/,F0961/MID1/,0
F0020/MID11/,F0426/MID4/,0
F0600/MID5/,F0763/MID5/,0
F0401/MID7/,F0460/MID5/,0
F0053/MID1/,F0696/MID4/,0
F0636/MID5/,F0991/MID10/,0
F0082/MID3/,F0740/MID8/,0
F0836/MID8/,F0836/MID1/,1
F0606/MID3/,F0606/MID5/,1
F0038/MID4/,F0038/MID2/,1
F0074/MID2/,F0074/MID1/,1
F0197/MID3/,F0197/MID4/,1
F0156/MID2/,F0750/MID2/,0
F0096/MID6/,F0902/MID1/,0
F0215/MID9/,F0392/MID4/,0
F0399/MID1/,F0518/MID5/,0
F0545/MID3/,F0545/MID6/,1
F0233/MID6/,F0375/MID1/,0
F0388/MID4/,F0388/MID3/,1
F0041/MID4/,F0041/MID6/,1
F0533/MID5/,F0533/MID6/,1
F0046/MID5/,F0749/MID3/,0
F0974/MID3/,F0997/MID3/,0
F0416/MID1/,F0416/MID5/,1
F0255/MID2/,F0349/MID3/,0
F0819/MID10/,F0819/MID2/,1
F0506/MID5/,F0506/MID3/,1
F0980/MID4/,F0690/MID3/,0
F0760/MID1/,F0173/MID3/,0
F0748/MID3/,F0300/MID4/,0
F0108/MID5/,F0108/MID1/,1
F0223/MID5/,F0412/MID3/,0
F0647/MID4/,F0314/MID5/,0
F0496/MID5/,F0851/MID4/,0
F0535/MID1/,F0535/MID2/,1
F0251/MID3/,F0262/MID6/,0
F0357/MID9/,F0357/MID3/,1
F0572/MID1/,F0703/MID10/,0
F0996/MID2/,F0996/MID3/,1
F0628/MID3/,F0628/MID4/,1
F0173/MID7/,F0173/MID4/,1
F0833/MID5/,F0318/MID1/,0
F0669/MID2/,F0669/MID4/,1
F0074/MID5/,F0887/MID2/,0
F0288/MID1/,F0508/MID5/,0
F0288/MID5/,F0288/MID6/,1
F0835/MID8/,F0835/MID6/,1
F0007/MID4/,F0007/MID3/,1
F0755/MID3/,F0755/MID6/,1
F0763/MID2/,F0763/MID8/,1
F0297/MID4/,F0297/MID3/,1
F0636/MID4/,F0636/MID1/,1
F0950/MID4/,F0975/MID5/,0
F0601/MID21/,F0601/MID33/,1
F0216/MID1/,F0397/MID2/,0
F0372/MID2/,F0500/MID1/,0
F0256/MID7/,F0892/MID2/,0
F0214/MID1/,F0402/MID4/,0
F0513/MID12/,F0998/MID4/,0
F0690/MID7/,F0690/MID10/,1
F0602/MID1/,F0132/MID2/,0
F0351/MID3/,F0336/MID5/,0
F0040/MID4/,F0653/MID2/,0
F0991/MID16/,F0998/MID1/,0
F0672/MID5/,F0303/MID10/,0
F0545/MID1/,F0549/MID4/,0
F0029/MID4/,F0029/MID7/,1
F0150/MID2/,F0150/MID5/,1
F0422/MID5/,F0422/MID3/,1
F0735/MID4/,F0735/MID3/,1
F0418/MID3/,F0581/MID3/,0
F0954/MID2/,F0176/MID2/,0
F0425/MID1/,F0425/MID7/,1
F0774/MID7/,F0817/MID4/,0
F0943/MID3/,F0943/MID4/,1
F0991/MID10/,F0991/MID17/,1
F0420/MID5/,F0420/MID2/,1
F0391/MID4/,F0705/MID2/,0
F0551/MID2/,F0513/MID2/,0
F0962/MID4/,F0462/MID3/,0
F0071/MID1/,F0023/MID2/,0
F0560/MID4/,F0560/MID3/,1
F0425/MID7/,F0425/MID10/,1
F0699/MID6/,F0043/MID3/,0
F0338/MID2/,F0053/MID1/,0
F0257/MID1/,F0257/MID3/,1
F0233/MID1/,F0233/MID3/,1
F0389/MID1/,F0389/MID3/,1
F0821/MID8/,F0911/MID1/,0
F0111/MID2/,F0587/MID2/,0
F0598/MID2/,F0991/MID3/,0
F0180/MID2/,F0125/MID2/,0
F0833/MID3/,F0715/MID5/,0
F0518/MID6/,F0518/MID4/,1
F0844/MID2/,F0693/MID2/,0
F0550/MID3/,F0309/MID4/,0
F0906/MID2/,F0442/MID3/,0
F0617/MID3/,F0617/MID4/,1
F0903/MID2/,F0953/MID4/,0
F0429/MID1/,F0429/MID2/,1
F0930/MID6/,F0930/MID4/,1
F0658/MID3/,F0670/MID1/,0
F0128/MID3/,F0128/MID5/,1
F0644/MID5/,F0644/MID3/,1
F0146/MID8/,F0146/MID1/,1
F0552/MID4/,F0337/MID6/,0
F0099/MID8/,F0099/MID9/,1
F1000/MID4/,F0940/MID6/,0
F0247/MID3/,F0206/MID7/,0
F0984/MID3/,F0984/MID5/,1
F0836/MID9/,F0938/MID1/,0
F0698/MID5/,F0698/MID4/,1
F0457/MID1/,F0457/MID6/,1
F0713/MID4/,F0771/MID3/,0
F0824/MID1/,F0824/MID8/,1
F0678/MID5/,F0754/MID1/,0
F0154/MID2/,F0722/MID6/,0
F0888/MID4/,F0347/MID3/,0
F0004/MID2/,F0004/MID4/,1
F0990/MID6/,F0990/MID8/,1
F0741/MID3/,F0205/MID3/,0
F0390/MID5/,F0390/MID6/,1
F0123/MID4/,F0123/MID3/,1
F0918/MID3/,F0426/MID5/,0
F0390/MID11/,F0167/MID3/,0
F0432/MID5/,F0432/MID1/,1
F0552/MID4/,F0552/MID12/,1
F0713/MID1/,F0713/MID3/,1
F0984/MID4/,F0984/MID7/,1
F0287/MID3/,F0755/MID6/,0
F0995/MID8/,F0995/MID6/,1
F0911/MID5/,F0940/MID5/,0
F0402/MID5/,F0402/MID6/,1
F0423/MID3/,F0423/MID1/,1
F0753/MID2/,F0753/MID4/,1
F0938/MID3/,F0938/MID4/,1
F0984/MID7/,F0984/MID6/,1
F0166/MID4/,F0174/MID3/,0
F0878/MID3/,F0878/MID4/,1
F0284/MID2/,F0284/MID1/,1
F0673/MID8/,F0673/MID6/,1
F0941/MID3/,F0729/MID1/,0
F0590/MID4/,F0442/MID8/,0
F0099/MID6/,F0099/MID5/,1
F0303/MID10/,F0303/MID4/,1
F0079/MID1/,F0079/MID2/,1
F0874/MID4/,F0874/MID5/,1
F0989/MID11/,F0330/MID4/,0
F0490/MID7/,F0490/MID6/,1
F0319/MID5/,F0818/MID4/,0
F0502/MID1/,F0602/MID6/,0
F0206/MID3/,F0125/MID4/,0
F0560/MID2/,F0157/MID1/,0
F0646/MID2/,F0646/MID4/,1
F0870/MID2/,F0601/MID1/,0
F0784/MID1/,F0217/MID4/,0
F0376/MID10/,F0376/MID5/,1
F0475/MID6/,F0185/MID3/,0
F0763/MID5/,F0763/MID4/,1
F0835/MID5/,F0835/MID4/,1
F0613/MID4/,F0309/MID3/,0
F0779/MID2/,F0779/MID3/,1
F0173/MID2/,F0173/MID5/,1
F0302/MID1/,F0614/MID3/,0
F0269/MID3/,F0269/MID6/,1
F0844/MID4/,F0510/MID3/,0
F0990/MID8/,F0990/MID6/,1
F0040/MID2/,F0453/MID2/,0
F0552/MID6/,F0552/MID12/,1
F0742/MID8/,F0966/MID4/,0
F0602/MID2/,F0891/MID2/,0
F0638/MID3/,F0817/MID5/,0
F0089/MID1/,F0852/MID2/,0
F0622/MID4/,F0622/MID1/,1
F0754/MID2/,F0754/MID5/,1
F0256/MID7/,F0256/MID5/,1
F0642/MID2/,F0642/MID1/,1
F0752/MID2/,F0752/MID3/,1
F0581/MID5/,F0931/MID1/,0
F0564/MID5/,F0564/MID6/,1
F0753/MID4/,F0753/MID5/,1
F0357/MID9/,F0357/MID1/,1
F0634/MID8/,F0634/MID1/,1
F0740/MID8/,F0169/MID1/,0
F0123/MID6/,F0123/MID4/,1
F0008/MID1/,F0564/MID5/,0
F0740/MID7/,F0740/MID2/,1
F0990/MID8/,F0990/MID7/,1
F0734/MID3/,F0734/MID5/,1
F0248/MID3/,F0664/MID6/,0
F0872/MID2/,F0254/MID1/,0
F0192/MID1/,F0192/MID7/,1
F0288/MID2/,F0690/MID8/,0
F0601/MID41/,F0601/MID40/,1
F0742/MID3/,F0742/MID7/,1
F0850/MID5/,F0850/MID4/,1
F0601/MID14/,F0770/MID3/,0
F0601/MID10/,F0601/MID8/,1
F0285/MID2/,F0285/MID4/,1
F0292/MID3/,F0292/MID5/,1
F0566/MID2/,F0954/MID3/,0
F0767/MID6/,F0711/MID3/,0
F0259/MID5/,F0111/MID5/,0
F0875/MID2/,F0754/MID2/,0
F0402/MID5/,F0237/MID3/,0
F0489/MID1/,F0307/MID1/,0
F0418/MID3/,F0403/MID3/,0
F0976/MID3/,F0976/MID5/,1
F0835/MID6/,F0317/MID6/,0
F0595/MID5/,F0053/MID4/,0
F0830/MID3/,F0887/MID2/,0
F0578/MID2/,F0690/MID7/,0
F0927/MID2/,F0927/MID1/,1
F0007/MID3/,F0007/MID6/,1
F0976/MID5/,F0976/MID3/,1
F0299/MID3/,F0299/MID5/,1
F0835/MID2/,F0850/MID2/,0
F0425/MID8/,F0425/MID1/,1
F0357/MID6/,F0357/MID10/,1
F0148/MID3/,F0183/MID2/,0
F0133/MID4/,F0940/MID6/,0
F0327/MID1/,F0327/MID6/,1
F0970/MID1/,F0043/MID2/,0
F0432/MID1/,F0432/MID5/,1
F0067/MID1/,F0090/MID15/,0
F0713/MID5/,F0639/MID4/,0
F0989/MID2/,F0233/MID2/,0
F0836/MID1/,F0206/MID10/,0
F0494/MID5/,F0494/MID3/,1
F0927/MID3/,F0418/MID1/,0
F0490/MID5/,F0999/MID4/,0
F0814/MID1/,F0814/MID6/,1
F0303/MID4/,F0303/MID3/,1
F0376/MID5/,F0376/MID10/,1
F0581/MID5/,F0732/MID1/,0
F0964/MID4/,F0848/MID2/,0
F0601/MID13/,F0356/MID3/,0
F0900/MID1/,F0150/MID2/,0
F0976/MID5/,F0976/MID4/,1
F0432/MID2/,F0432/MID5/,1
F0819/MID8/,F0819/MID7/,1
F0991/MID14/,F0991/MID13/,1
F0244/MID3/,F0026/MID2/,0
F0004/MID2/,F0004/MID5/,1
F0767/MID6/,F0767/MID3/,1
F0950/MID1/,F0896/MID5/,0
F0581/MID3/,F0016/MID4/,0
F0957/MID3/,F0957/MID5/,1
F0151/MID3/,F0297/MID2/,0
F0038/MID6/,F0456/MID1/,0
F0957/MID5/,F0957/MID4/,1
F0266/MID2/,F0976/MID4/,0
F0616/MID2/,F0403/MID1/,0
F0956/MID2/,F0956/MID4/,1
F0816/MID5/,F0816/MID3/,1
F0706/MID2/,F0706/MID3/,1
F0206/MID3/,F0023/MID3/,0
F0552/MID4/,F0552/MID3/,1
F0696/MID6/,F0094/MID1/,0
F0113/MID3/,F0096/MID7/,0
F0547/MID3/,F0048/MID6/,0
F0206/MID7/,F0580/MID3/,0
F0751/MID3/,F0532/MID3/,0
F0991/MID14/,F0633/MID5/,0
F0983/MID1/,F0771/MID6/,0
F0063/MID2/,F0266/MID3/,0
F0577/MID2/,F0601/MID24/,0
F0370/MID1/,F0160/MID5/,0
F0141/MID1/,F0359/MID3/,0
F0933/MID2/,F0366/MID3/,0
F0818/MID3/,F0818/MID5/,1
F0767/MID3/,F0767/MID5/,1
F0878/MID1/,F0673/MID3/,0
F0597/MID6/,F0139/MID4/,0
F0327/MID5/,F0327/MID4/,1
F0218/MID6/,F0218/MID5/,1
F0759/MID3/,F0759/MID4/,1
F0312/MID1/,F0416/MID7/,0
F0406/MID4/,F0406/MID2/,1
F0358/MID6/,F0358/MID3/,1
F0819/MID3/,F0819/MID8/,1
F0023/MID2/,F0023/MID6/,1
F0991/MID12/,F0991/MID20/,1
F0728/MID5/,F0728/MID3/,1
F0730/MID6/,F0303/MID10/,0
F0664/MID6/,F0664/MID1/,1
F0219/MID5/,F0219/MID3/,1
F0283/MID1/,F0830/MID2/,0
F0296/MID5/,F0296/MID1/,1
F0944/MID1/,F0752/MID4/,0
F0122/MID1/,F0122/MID5/,1
F0206/MID13/,F0206/MID11/,1
F0696/MID5/,F0696/MID3/,1
F0360/MID3/,F0368/MID5/,0
F0391/MID3/,F0391/MID4/,1
F0652/MID1/,F0652/MID4/,1
F0639/MID4/,F0639/MID3/,1
F0144/MID6/,F0144/MID1/,1
F0387/MID5/,F0387/MID3/,1
F0386/MID4/,F0851/MID1/,0
F0885/MID2/,F0290/MID3/,0
F0314/MID4/,F0219/MID2/,0
F0082/MID2/,F0513/MID10/,0
F0357/MID3/,F0357/MID9/,1
F0434/MID2/,F0940/MID5/,0
F0698/MID4/,F0698/MID3/,1
F0540/MID1/,F0855/MID5/,0
F0127/MID5/,F0550/MID3/,0
F0798/MID6/,F0908/MID3/,0
F0752/MID9/,F0113/MID3/,0
F0146/MID3/,F0750/MID3/,0
F0995/MID9/,F0995/MID7/,1
F0071/MID4/,F0090/MID2/,0
F0433/MID2/,F0433/MID3/,1
F0783/MID4/,F0812/MID2/,0
F0914/MID3/,F0914/MID1/,1
F0954/MID4/,F0860/MID3/,0
F0401/MID8/,F0401/MID7/,1
F0765/MID4/,F0103/MID5/,0
F0908/MID1/,F0812/MID1/,0
F0985/MID4/,F0985/MID3/,1
F0991/MID11/,F0442/MID4/,0
F0994/MID3/,F0994/MID2/,1
F0770/MID2/,F0940/MID6/,0
F0920/MID5/,F0591/MID2/,0
F0869/MID3/,F0208/MID3/,0
F0460/MID3/,F0567/MID8/,0
F0266/MID1/,F0754/MID2/,0
F0450/MID4/,F0450/MID3/,1
F0403/MID5/,F0403/MID4/,1
F0825/MID1/,F0430/MID2/,0
F0221/MID2/,F0221/MID1/,0
F0339/MID2/,F0339/MID4/,1
F0187/MID3/,F0171/MID6/,0
F0845/MID1/,F0845/MID3/,1
F0116/MID5/,F0601/MID5/,0
F0485/MID5/,F0754/MID8/,0
F0881/MID1/,F0528/MID1/,0
F0518/MID2/,F0953/MID4/,0
F0099/MID9/,F0141/MID5/,0
F0029/MID3/,F0029/MID4/,1
F0789/MID1/,F0750/MID2/,0
F0601/MID1/,F0873/MID3/,0
F0046/MID2/,F0997/MID3/,0
F0621/MID1/,F0216/MID5/,0
F0048/MID10/,F0048/MID1/,1
F0269/MID5/,F0738/MID7/,0
F0475/MID5/,F0475/MID6/,1
F0357/MID3/,F0357/MID10/,1
F0141/MID6/,F0141/MID5/,1
F0414/MID11/,F0414/MID1/,1
F0646/MID5/,F0646/MID3/,1
F0215/MID5/,F0896/MID5/,0
F0420/MID5/,F0420/MID3/,1
F0608/MID3/,F0924/MID1/,0
F0391/MID4/,F0391/MID3/,1
F0256/MID3/,F0237/MID4/,0
F1000/MID3/,F1000/MID6/,1
F0796/MID9/,F0796/MID3/,1
F0742/MID3/,F0742/MID5/,1
F0332/MID2/,F0608/MID8/,0
F0016/MID5/,F0357/MID10/,0
F0146/MID1/,F0146/MID8/,1
F0205/MID7/,F0205/MID6/,1
F0367/MID2/,F0561/MID4/,0
F0215/MID6/,F0215/MID1/,1
F0194/MID4/,F0081/MID2/,0
F0806/MID2/,F0806/MID4/,1
F0990/MID1/,F0064/MID2/,0
F0506/MID6/,F0506/MID4/,1
F0628/MID4/,F0628/MID3/,1
F0734/MID5/,F0964/MID4/,0
F0346/MID2/,F0769/MID2/,0
F0490/MID6/,F0490/MID7/,1
F0419/MID3/,F0796/MID7/,0
F0503/MID7/,F0503/MID1/,1
F0873/MID2/,F0873/MID4/,1
F0357/MID3/,F0357/MID11/,1
F0820/MID1/,F0108/MID6/,0
F0740/MID10/,F0740/MID9/,1
F0693/MID4/,F0081/MID6/,0
F0929/MID4/,F0911/MID3/,0
F0496/MID4/,F0496/MID3/,1
F0505/MID5/,F0127/MID2/,0
F0476/MID2/,F0167/MID1/,0
F0127/MID4/,F0127/MID3/,1
F0118/MID4/,F0357/MID1/,0
F0103/MID6/,F0139/MID1/,0
F0136/MID2/,F0355/MID4/,0
F0995/MID15/,F0995/MID12/,1
F0763/MID5/,F0763/MID6/,1
F0581/MID3/,F0836/MID9/,0
F0216/MID5/,F0216/MID4/,1
F0599/MID5/,F0599/MID3/,1
F0026/MID1/,F0987/MID11/,0
F0879/MID6/,F0879/MID1/,1
F0494/MID4/,F0024/MID1/,0
F0373/MID4/,F0373/MID3/,1
F0015/MID4/,F0723/MID3/,0
F0613/MID1/,F0423/MID5/,0
F0068/MID5/,F0068/MID4/,1
F0269/MID6/,F0269/MID4/,1
F0819/MID10/,F0819/MID3/,1
F0814/MID1/,F0279/MID2/,0
F0890/MID1/,F0696/MID6/,0
F0617/MID2/,F0490/MID6/,0
F0869/MID3/,F0608/MID2/,0
F0008/MID9/,F0427/MID2/,0
F0166/MID1/,F0788/MID4/,0
F0047/MID4/,F0881/MID6/,0
F0855/MID1/,F0855/MID3/,1
F0309/MID3/,F0689/MID3/,0
F0408/MID4/,F0348/MID4/,0
F0793/MID3/,F0557/MID3/,0
F0601/MID26/,F0601/MID1/,1
F0316/MID4/,F0316/MID1/,1
F0286/MID3/,F0896/MID3/,0
F0293/MID4/,F0174/MID5/,0
F0873/MID9/,F0873/MID2/,1
F0404/MID4/,F0404/MID3/,1
F0630/MID2/,F0630/MID3/,1
F0752/MID6/,F0753/MID6/,0
F0599/MID1/,F0599/MID3/,1
F0552/MID13/,F0552/MID4/,1
F0362/MID5/,F0362/MID4/,1
F0006/MID2/,F0950/MID3/,0
F0295/MID1/,F0295/MID2/,1
F0401/MID7/,F0401/MID8/,1
F0526/MID2/,F0532/MID4/,0
F0746/MID4/,F0746/MID2/,1
F0215/MID3/,F0215/MID2/,1
F0723/MID3/,F0180/MID4/,0
F0135/MID3/,F0196/MID1/,0
F0158/MID3/,F0995/MID5/,0
F0759/MID1/,F0759/MID6/,1
F0299/MID5/,F0954/MID4/,0
F0821/MID8/,F0601/MID31/,0
F0386/MID4/,F0272/MID1/,0
F0958/MID3/,F0958/MID4/,1
F0952/MID4/,F0402/MID8/,0
F0021/MID1/,F0320/MID1/,0
F0977/MID1/,F0977/MID5/,1
F0046/MID4/,F0046/MID3/,1
F0330/MID1/,F0778/MID3/,0
F0080/MID4/,F0080/MID8/,1
F0984/MID3/,F0984/MID4/,1
F0762/MID2/,F0221/MID3/,0
F0504/MID2/,F0995/MID6/,0
F0465/MID2/,F0641/MID7/,0
F0581/MID11/,F0581/MID9/,1
F0749/MID5/,F0749/MID1/,1
F0649/MID2/,F0272/MID5/,0
F0690/MID10/,F0113/MID1/,0
F0919/MID2/,F0919/MID3/,1
F0821/MID7/,F0821/MID2/,1
F0321/MID3/,F0160/MID3/,0
F0018/MID4/,F0565/MID4/,0
F0390/MID7/,F0390/MID10/,1
F0483/MID2/,F0483/MID1/,1
F0029/MID1/,F0310/MID2/,0
F0128/MID6/,F0128/MID3/,1
F0427/MID2/,F0427/MID4/,1
F0310/MID3/,F0221/MID2/,0
F0816/MID4/,F0816/MID3/,1
F0754/MID1/,F0899/MID1/,0
F0740/MID5/,F0740/MID1/,1
F0081/MID6/,F0081/MID7/,1
F0646/MID6/,F0646/MID5/,1
F0162/MID5/,F0162/MID4/,1
F0673/MID6/,F0673/MID7/,1
F0090/MID5/,F0633/MID1/,0
F0262/MID4/,F0262/MID6/,1
F0112/MID3/,F0112/MID2/,1
F0292/MID1/,F0803/MID4/,0
F0836/MID8/,F0836/MID5/,1
F0048/MID11/,F0048/MID4/,1
F0007/MID6/,F0007/MID3/,1
F0865/MID2/,F0643/MID1/,0
F0473/MID4/,F0473/MID3/,1
F0519/MID5/,F0160/MID4/,0
F0713/MID2/,F0713/MID1/,1
F0152/MID4/,F0152/MID1/,1
F0297/MID3/,F0068/MID5/,0
F0221/MID4/,F0221/MID2/,1
F0425/MID1/,F0425/MID8/,1
F0729/MID6/,F0729/MID3/,1
F0320/MID10/,F0715/MID1/,0
F0601/MID19/,F0684/MID3/,0
F0402/MID5/,F0402/MID8/,0
F0601/MID10/,F0752/MID4/,0
F0430/MID2/,F0425/MID6/,0
F0312/MID4/,F0312/MID5/,1
F0602/MID8/,F0008/MID2/,0
F0314/MID3/,F0314/MID5/,1
F0989/MID4/,F0989/MID8/,1
F0043/MID4/,F0043/MID3/,1
F0501/MID5/,F0501/MID3/,1
F0819/MID2/,F0819/MID10/,1
F0580/MID2/,F0489/MID2/,0
F0068/MID1/,F0400/MID6/,0
F0620/MID2/,F0620/MID1/,1
F0755/MID7/,F0755/MID3/,1
F0729/MID1/,F0769/MID7/,0
F0450/MID3/,F0450/MID1/,1
F0578/MID4/,F0903/MID3/,0
F0779/MID3/,F0779/MID2/,1
F0388/MID3/,F0018/MID3/,0
F0844/MID2/,F0844/MID3/,1
F0782/MID3/,F0782/MID1/,1
F0957/MID2/,F0148/MID3/,0
F0716/MID1/,F0716/MID5/,1
F0987/MID15/,F0987/MID10/,1
F0750/MID4/,F0750/MID3/,1
F0231/MID6/,F0231/MID9/,1
F0064/MID5/,F0064/MID6/,1
F0216/MID4/,F0216/MID5/,1
F0475/MID8/,F0475/MID1/,1
F0771/MID5/,F0771/MID6/,1
F0111/MID4/,F0111/MID2/,1
F0818/MID3/,F0818/MID4/,1
F0550/MID1/,F0550/MID4/,1
F0896/MID3/,F0234/MID4/,0
F0773/MID4/,F0390/MID8/,0
F0317/MID5/,F0317/MID4/,1
F0927/MID3/,F0873/MID5/,0
F0892/MID3/,F0164/MID2/,0
F0564/MID2/,F0879/MID5/,0
F0892/MID3/,F0892/MID4/,1
F0231/MID9/,F0231/MID6/,1
F0942/MID3/,F0942/MID4/,1
F0472/MID3/,F0937/MID5/,0
F0711/MID4/,F0711/MID1/,1
F0597/MID8/,F0597/MID5/,1
F0806/MID4/,F0566/MID1/,0
F0551/MID3/,F0551/MID4/,1
F0934/MID2/,F0319/MID3/,0
F0821/MID2/,F0821/MID8/,1
F0552/MID5/,F0552/MID4/,1
F0740/MID2/,F0740/MID6/,1
F0450/MID1/,F0450/MID3/,1
F0836/MID1/,F0836/MID7/,1
F0262/MID6/,F0938/MID2/,0
F0193/MID7/,F0574/MID1/,0
F0597/MID5/,F0597/MID8/,1
F0048/MID4/,F0048/MID10/,1
F0690/MID1/,F0378/MID3/,0
F0361/MID4/,F0361/MID3/,1
F0219/MID3/,F0219/MID5/,1
F0090/MID13/,F0472/MID2/,0
F0453/MID2/,F0465/MID2/,0
F0819/MID10/,F0633/MID2/,0
F0251/MID6/,F0251/MID1/,1
F0031/MID1/,F0031/MID5/,1
F0152/MID6/,F0967/MID1/,0
F0250/MID2/,F0938/MID2/,0
F0970/MID4/,F0830/MID4/,0
F0390/MID11/,F0390/MID8/,1
F0842/MID2/,F0973/MID2/,0
F0731/MID7/,F0731/MID2/,1
F0388/MID3/,F0388/MID5/,1
F0038/MID4/,F0397/MID2/,0
F0152/MID1/,F0152/MID4/,1
F0011/MID2/,F0108/MID4/,0
F0368/MID3/,F0409/MID2/,0
F0690/MID4/,F0690/MID8/,1
F0511/MID3/,F0149/MID1/,0
F0617/MID2/,F0262/MID5/,0
F0091/MID6/,F0665/MID3/,0
F0909/MID2/,F0436/MID4/,0
F0699/MID8/,F0699/MID1/,1
F0540/MID2/,F0043/MID3/,0
F0595/MID5/,F0595/MID6/,1
F0846/MID1/,F0846/MID4/,1
F0422/MID5/,F0422/MID1/,1
F0508/MID2/,F0508/MID5/,1
F0855/MID3/,F0262/MID2/,0
F0120/MID3/,F0165/MID9/,0
F0254/MID1/,F0728/MID5/,0
F0990/MID7/,F0990/MID9/,1
F0048/MID2/,F0048/MID10/,1
F0998/MID5/,F0508/MID1/,0
F0495/MID3/,F0495/MID5/,1
F0980/MID5/,F0307/MID1/,0
F0090/MID7/,F0194/MID4/,0
F0933/MID4/,F0162/MID1/,0
F0108/MID1/,F0108/MID5/,1
F0608/MID7/,F0337/MID6/,0
F0701/MID7/,F0701/MID9/,1
F0672/MID7/,F0672/MID3/,1
F0729/MID3/,F0729/MID4/,1
F0601/MID18/,F0601/MID28/,1
F0314/MID3/,F0314/MID4/,1
F0159/MID3/,F0391/MID1/,0
F0459/MID1/,F0048/MID1/,0
F0074/MID4/,F0601/MID6/,0
F0388/MID5/,F0388/MID3/,1
F0143/MID2/,F0605/MID1/,0
F0390/MID11/,F0390/MID3/,1
F0660/MID6/,F0660/MID5/,1
F0557/MID4/,F0248/MID1/,0
F0763/MID6/,F0763/MID2/,1
F0655/MID2/,F0360/MID6/,0
F0873/MID8/,F0412/MID1/,0
F0995/MID11/,F0995/MID6/,1
F0981/MID2/,F0660/MID6/,0
F0144/MID7/,F0144/MID3/,1
F0489/MID2/,F0123/MID2/,0
F0390/MID3/,F0390/MID10/,1
F0406/MID1/,F0333/MID3/,0
F0920/MID4/,F0603/MID2/,0
F0061/MID1/,F0061/MID5/,1
F0610/MID3/,F0870/MID3/,0
F0367/MID3/,F0838/MID2/,0
F0645/MID7/,F0582/MID2/,0
F0272/MID4/,F0991/MID19/,0
F0082/MID5/,F0082/MID3/,1
F0173/MID5/,F0173/MID6/,1
F0485/MID4/,F0247/MID3/,0
F0285/MID4/,F0285/MID2/,1
F0205/MID6/,F0205/MID8/,1
F0178/MID2/,F0759/MID3/,0
F0542/MID8/,F0542/MID7/,1
F0357/MID5/,F0357/MID7/,1
F0435/MID1/,F0977/MID1/,0
F0978/MID5/,F0728/MID2/,0
F0763/MID4/,F0763/MID5/,1
F0878/MID4/,F0208/MID3/,0
F0815/MID5/,F0815/MID1/,1
F0479/MID5/,F0479/MID3/,1
F0403/MID3/,F0403/MID5/,1
F0601/MID5/,F0601/MID8/,1
F0339/MID4/,F0422/MID5/,0
F0542/MID7/,F0601/MID22/,0
F0734/MID5/,F0734/MID3/,1
F0742/MID7/,F0742/MID4/,1
F0878/MID4/,F0878/MID3/,1
F0845/MID2/,F0215/MID5/,0
F0141/MID4/,F0141/MID3/,1
F0131/MID1/,F0564/MID6/,0
F0704/MID3/,F0979/MID2/,0
F0865/MID3/,F0601/MID18/,0
F0621/MID2/,F0621/MID4/,1
F0185/MID1/,F0185/MID5/,1
F0427/MID3/,F0427/MID2/,1
F0173/MID6/,F0173/MID7/,1
F0821/MID9/,F0821/MID7/,1
F0357/MID1/,F0357/MID10/,1
F0207/MID3/,F0171/MID2/,0
F0759/MID1/,F0759/MID8/,1
F0209/MID3/,F0209/MID2/,1
F0973/MID2/,F0182/MID2/,0
F0742/MID2/,F0742/MID7/,1
F0559/MID1/,F0559/MID2/,1
F0956/MID5/,F0701/MID1/,0
F0803/MID1/,F0803/MID4/,1
F0549/MID2/,F0549/MID1/,1
F0310/MID3/,F0310/MID4/,1
F0020/MID7/,F0197/MID5/,0
F0703/MID7/,F0373/MID4/,0
F0233/MID3/,F0233/MID1/,1
F0987/MID15/,F0987/MID13/,1
F0891/MID1/,F0071/MID1/,0
F0819/MID2/,F0819/MID8/,1
F0290/MID6/,F0290/MID4/,1
F0652/MID4/,F0004/MID3/,0
F0150/MID3/,F0150/MID4/,1
F0999/MID1/,F0995/MID8/,0
F0730/MID5/,F0829/MID5/,0
F0116/MID2/,F0174/MID5/,0
F0448/MID2/,F0448/MID1/,0
F0118/MID3/,F0118/MID5/,1
F0699/MID4/,F0626/MID4/,0
F0251/MID6/,F0251/MID2/,1
F0821/MID2/,F0821/MID7/,1
F0996/MID1/,F0990/MID8/,0
F0817/MID1/,F0811/MID2/,0
F0321/MID1/,F0462/MID5/,0
F0917/MID2/,F0829/MID1/,0
F0032/MID1/,F0032/MID2/,1
F0763/MID2/,F0763/MID6/,1
F0641/MID2/,F0759/MID7/,0
F0150/MID8/,F0150/MID3/,1
F0677/MID2/,F0808/MID1/,0
F0357/MID11/,F0357/MID3/,1
F0528/MID4/,F0069/MID4/,0
F0320/MID7/,F0297/MID3/,0
F0836/MID8/,F0836/MID9/,1
F0016/MID4/,F0016/MID3/,1
F0855/MID3/,F0855/MID1/,1
F0500/MID5/,F0500/MID2/,1
F0889/MID1/,F0308/MID2/,0
F0997/MID3/,F0997/MID2/,1
F0552/MID10/,F0552/MID8/,1
F0999/MID5/,F0999/MID3/,1
F0814/MID2/,F0814/MID1/,1
F0995/MID8/,F0661/MID4/,0
F0430/MID1/,F0391/MID1/,0
F0053/MID3/,F0313/MID1/,0
F0411/MID1/,F0158/MID1/,0
F0835/MID5/,F0835/MID3/,1
F0887/MID8/,F0887/MID1/,1
F0937/MID3/,F0467/MID5/,0
F0551/MID4/,F0631/MID5/,0
F0544/MID4/,F0657/MID1/,0
F0636/MID2/,F0501/MID1/,0
F0125/MID1/,F0967/MID4/,0
F0122/MID5/,F0122/MID1/,1
F0089/MID1/,F0940/MID4/,0
F0920/MID2/,F0444/MID1/,0
F0337/MID4/,F0330/MID3/,0
F0659/MID1/,F0812/MID1/,0
F0552/MID8/,F0552/MID10/,1
F0358/MID2/,F0268/MID2/,0
F0092/MID4/,F0092/MID5/,1
F0442/MID7/,F0661/MID3/,0
F0604/MID3/,F0114/MID7/,0
F0339/MID5/,F0235/MID7/,0
F0763/MID2/,F0763/MID4/,1
F0747/MID1/,F0747/MID3/,1
F0389/MID3/,F0389/MID1/,1
F0122/MID1/,F0811/MID4/,0
F0740/MID2/,F0740/MID5/,1
F0550/MID3/,F0103/MID3/,0
F0580/MID4/,F0580/MID2/,1
F0327/MID4/,F0327/MID6/,1
F0945/MID2/,F0290/MID2/,0
F0118/MID5/,F0982/MID2/,0
F0601/MID40/,F0601/MID41/,1
F0873/MID3/,F0873/MID7/,1
F0469/MID2/,F0682/MID2/,0
F0887/MID4/,F0887/MID5/,1
F0337/MID1/,F0770/MID4/,0
F0561/MID1/,F0561/MID5/,1
F0432/MID5/,F0432/MID2/,1
F0576/MID2/,F0576/MID1/,1
F0141/MID3/,F0141/MID4/,1
F0756/MID3/,F0926/MID5/,0
F0052/MID2/,F0641/MID1/,0
F0346/MID4/,F0346/MID2/,1
F0048/MID4/,F0048/MID11/,1
F0749/MID4/,F0150/MID5/,0
F0649/MID4/,F0226/MID4/,0
F0524/MID3/,F0194/MID5/,0
F0841/MID3/,F0841/MID4/,1
F0636/MID1/,F0636/MID5/,1
F0372/MID4/,F0518/MID5/,0
F0337/MID8/,F0993/MID4/,0
F0237/MID1/,F0711/MID2/,0
F0092/MID5/,F0092/MID4/,1
F0827/MID3/,F0033/MID2/,0
F0711/MID3/,F0612/MID2/,0
F0320/MID5/,F0320/MID10/,1
F0158/MID6/,F0158/MID1/,1
F0601/MID8/,F0601/MID10/,1
F0215/MID8/,F0836/MID8/,0
F0215/MID2/,F0766/MID4/,0
F0286/MID3/,F0599/MID5/,0
F0011/MID3/,F0519/MID1/,0
F0303/MID2/,F0303/MID3/,1
F0401/MID1/,F0416/MID6/,0
F0690/MID4/,F0690/MID3/,1
F0029/MID5/,F0029/MID4/,1
F0819/MID3/,F0819/MID4/,1
F0987/MID10/,F0531/MID1/,0
F0173/MID6/,F0173/MID5/,1
F0150/MID2/,F0150/MID4/,1
F0503/MID1/,F0503/MID7/,1
F0414/MID8/,F0960/MID6/,0
F0376/MID4/,F0376/MID10/,1
F0046/MID3/,F0046/MID4/,1
F0954/MID5/,F0954/MID4/,1
F0006/MID2/,F0494/MID1/,0
F0358/MID6/,F0500/MID4/,0
F0769/MID1/,F0141/MID6/,0
F0577/MID1/,F0577/MID6/,1
F0007/MID5/,F0007/MID3/,1
F0653/MID3/,F0649/MID4/,0
F0540/MID4/,F0982/MID1/,0
F0590/MID4/,F0590/MID3/,1
F0752/MID4/,F0017/MID3/,0
F0144/MID4/,F0806/MID4/,0
F0914/MID1/,F0914/MID3/,1
F0755/MID3/,F0755/MID7/,1
F0616/MID2/,F0991/MID11/,0
F0698/MID4/,F0698/MID5/,1
F0973/MID1/,F0950/MID4/,0
F0018/MID1/,F0061/MID2/,0
F0690/MID8/,F0690/MID4/,1
F0698/MID5/,F0814/MID4/,0
F0572/MID1/,F0360/MID1/,0
F0695/MID4/,F0695/MID1/,1
F0048/MID4/,F0080/MID8/,0
F0490/MID6/,F0763/MID9/,0
F0321/MID2/,F0414/MID11/,0
F0995/MID12/,F0995/MID15/,1
F0183/MID3/,F0902/MID5/,0
F0775/MID4/,F0699/MID1/,0
F0188/MID6/,F0188/MID5/,1
F0256/MID7/,F0256/MID6/,1
F0672/MID2/,F0672/MID7/,1
F0879/MID4/,F0879/MID5/,1
F0819/MID4/,F0819/MID6/,1
F0244/MID1/,F0441/MID3/,0
F0048/MID10/,F0048/MID4/,1
F0197/MID5/,F0197/MID3/,1
F0216/MID5/,F0843/MID2/,0
F0402/MID6/,F0390/MID9/,0
F0339/MID3/,F0339/MID2/,1
F0743/MID1/,F0081/MID6/,0
F0841/MID4/,F0841/MID3/,1
F0400/MID3/,F0687/MID1/,0
F0727/MID2/,F0360/MID4/,0
F0048/MID11/,F0048/MID2/,1
F0833/MID6/,F0083/MID6/,0
F0558/MID3/,F0558/MID2/,1
F0152/MID4/,F0152/MID3/,1
F0256/MID7/,F0256/MID1/,1
F0633/MID3/,F0633/MID4/,1
F0759/MID3/,F0206/MID4/,0
F0521/MID5/,F0818/MID2/,0
F0092/MID6/,F0092/MID4/,1
F0042/MID4/,F0042/MID1/,1
F0149/MID3/,F0149/MID4/,1
F0342/MID1/,F0989/MID6/,0
F0091/MID3/,F0091/MID4/,1
F0262/MID1/,F0220/MID1/,0
F0819/MID4/,F0819/MID3/,1
F0574/MID1/,F0426/MID3/,0
F0120/MID6/,F0364/MID4/,0
F0163/MID5/,F0163/MID7/,1
F0048/MID11/,F0048/MID1/,1
F0163/MID6/,F0753/MID1/,0
F0479/MID3/,F0479/MID5/,1
F0943/MID4/,F0173/MID1/,0
F0601/MID24/,F0601/MID1/,1
F0737/MID3/,F0715/MID3/,0
F0472/MID2/,F0544/MID2/,0
F0300/MID2/,F0819/MID6/,0
F0703/MID8/,F0017/MID2/,0
F0419/MID1/,F0362/MID3/,0
F0421/MID9/,F0020/MID7/,0
F0873/MID6/,F0873/MID5/,1
F0330/MID3/,F0863/MID3/,0
F0293/MID2/,F0293/MID1/,1
F0022/MID5/,F0977/MID7/,0
F0196/MID1/,F0615/MID3/,0
F0941/MID3/,F0941/MID4/,1
F0066/MID4/,F0245/MID5/,0
F0711/MID3/,F0605/MID2/,0
F0293/MID1/,F0293/MID2/,1
F0742/MID6/,F0374/MID4/,0
F0158/MID5/,F0614/MID3/,0
F0614/MID1/,F0664/MID5/,0
F0996/MID4/,F0601/MID17/,0
F0506/MID4/,F0506/MID6/,1
F0321/MID3/,F0321/MID1/,1
F0807/MID3/,F0321/MID3/,0
F0243/MID5/,F0601/MID12/,0
F0205/MID8/,F0205/MID6/,1
F0214/MID3/,F0214/MID2/,1
F0852/MID2/,F0738/MID1/,0
F0601/MID33/,F0776/MID2/,0
F0767/MID4/,F0767/MID6/,1
F0699/MID8/,F0699/MID5/,1
F0346/MID3/,F0346/MID5/,1
F0111/MID2/,F0918/MID3/,0
F0312/MID4/,F0312/MID3/,1
F0601/MID29/,F0069/MID4/,0
F0222/MID4/,F0222/MID1/,1
F0825/MID2/,F0825/MID1/,1
F0987/MID1/,F0734/MID3/,0
F0292/MID4/,F0292/MID3/,1
F0796/MID3/,F0796/MID7/,1
F0566/MID1/,F0189/MID4/,0
F0987/MID7/,F0987/MID1/,1
F0711/MID1/,F0711/MID4/,1
F0991/MID3/,F0292/MID1/,0
F0349/MID7/,F0406/MID1/,0
F0341/MID1/,F0878/MID4/,0
F0991/MID13/,F0991/MID14/,1
F0003/MID3/,F0215/MID5/,0
F0120/MID6/,F0120/MID5/,1
F0874/MID4/,F0874/MID3/,1
F0501/MID5/,F0254/MID3/,0
F0118/MID3/,F0118/MID4/,1
F0564/MID6/,F0564/MID5/,1
F0022/MID2/,F0612/MID1/,0
F0423/MID1/,F0423/MID2/,1
F0867/MID1/,F0417/MID3/,0
F0118/MID6/,F0118/MID3/,1
F0206/MID7/,F0196/MID2/,0
F0639/MID3/,F0639/MID4/,1
F0930/MID5/,F0930/MID6/,1
F0040/MID2/,F0376/MID9/,0
F0552/MID1/,F0624/MID2/,0
F0216/MID4/,F0784/MID1/,0
F0251/MID2/,F0204/MID2/,0
F0580/MID3/,F0567/MID3/,0
F0317/MID3/,F0189/MID3/,0
F0284/MID5/,F0637/MID1/,0
F0534/MID1/,F0158/MID6/,0
F0906/MID3/,F0783/MID1/,0
F0873/MID4/,F0873/MID2/,1
F0316/MID3/,F0442/MID5/,0
F0127/MID3/,F0127/MID4/,1
F0414/MID9/,F0703/MID10/,0
F0440/MID2/,F0463/MID2/,0
F0290/MID6/,F0290/MID3/,1
F0920/MID4/,F0920/MID5/,1
F0205/MID6/,F0205/MID7/,1
F0075/MID3/,F0346/MID3/,0
F0873/MID7/,F0584/MID2/,0
F0956/MID3/,F0956/MID4/,1
F0303/MID5/,F0303/MID3/,1
F0158/MID3/,F0483/MID1/,0
F0156/MID4/,F0190/MID4/,0
F0320/MID10/,F0320/MID6/,1
F0819/MID3/,F0205/MID6/,0
F0442/MID3/,F0658/MID2/,0
F0343/MID2/,F0206/MID7/,0
F0087/MID4/,F0087/MID3/,1
F0877/MID5/,F0496/MID3/,0
F0401/MID9/,F0401/MID6/,1
F0909/MID4/,F0255/MID3/,0
F0052/MID2/,F0043/MID4/,0
F0606/MID5/,F0844/MID3/,0
F0919/MID1/,F0069/MID1/,0
F0357/MID10/,F0357/MID6/,1
F0183/MID2/,F0038/MID2/,0
F0206/MID3/,F0993/MID6/,0
F0841/MID4/,F0286/MID4/,0
F0583/MID5/,F0542/MID8/,0
F0773/MID2/,F0552/MID3/,0
F0722/MID2/,F0839/MID2/,0
F0770/MID1/,F0233/MID6/,0
F0217/MID2/,F0062/MID1/,0
F0995/MID8/,F0995/MID7/,1
F0303/MID1/,F0402/MID7/,0
F0069/MID6/,F0069/MID4/,1
F0819/MID4/,F0819/MID9/,1
F0105/MID1/,F0818/MID2/,0
F0560/MID3/,F0560/MID4/,1
F0991/MID10/,F0877/MID1/,0
F0057/MID1/,F0817/MID2/,0
F0762/MID3/,F0762/MID2/,1
F0029/MID6/,F0029/MID4/,1
F0125/MID4/,F0125/MID3/,1
F0763/MID5/,F0763/MID8/,1
F0887/MID9/,F0246/MID7/,0
F0759/MID8/,F0759/MID1/,1
F0267/MID1/,F0880/MID4/,0
F0210/MID2/,F0233/MID3/,0
F0765/MID5/,F0765/MID4/,1
F0393/MID4/,F0838/MID7/,0
F0157/MID4/,F0157/MID3/,1
F0376/MID9/,F0015/MID4/,0
F0390/MID10/,F0390/MID3/,1
F0469/MID2/,F0148/MID3/,0
F0995/MID7/,F0995/MID15/,1
F0409/MID2/,F0330/MID2/,0
F0818/MID5/,F0818/MID3/,1
F0836/MID7/,F0836/MID1/,1
F0552/MID6/,F0552/MID13/,1
F0201/MID4/,F0392/MID4/,0
F0285/MID6/,F0285/MID4/,1
F0641/MID1/,F0596/MID2/,0
F0996/MID4/,F0996/MID5/,1
F0246/MID7/,F0246/MID1/,1
F0066/MID4/,F0066/MID3/,1
F0769/MID1/,F0769/MID7/,1
F0099/MID5/,F0099/MID6/,1
F0590/MID7/,F0590/MID1/,1
F0521/MID3/,F0984/MID3/,0
F0750/MID3/,F0750/MID5/,1
F0506/MID6/,F0193/MID8/,0
F0043/MID4/,F0152/MID6/,0
F0857/MID2/,F0422/MID11/,0
F0173/MID7/,F0173/MID2/,1
F0158/MID1/,F0158/MID5/,1
F0150/MID8/,F0150/MID2/,1
F0494/MID4/,F0494/MID3/,1
F0843/MID3/,F0727/MID1/,0
F0102/MID3/,F0820/MID1/,0
F0160/MID6/,F0160/MID7/,1
F0312/MID3/,F0775/MID1/,0
F0814/MID6/,F0814/MID1/,1
F0656/MID4/,F0656/MID5/,1
F0853/MID1/,F0336/MID4/,0
F0601/MID9/,F0601/MID8/,1
F0020/MID7/,F0164/MID4/,0
F0909/MID3/,F0764/MID5/,0
F0209/MID7/,F0209/MID2/,1
F0821/MID9/,F0260/MID3/,0
F0334/MID2/,F0334/MID3/,1
F0873/MID5/,F0873/MID6/,0
F0338/MID5/,F0338/MID2/,1
F0854/MID1/,F0637/MID4/,0
F0293/MID6/,F0293/MID2/,1
F0064/MID4/,F0829/MID4/,0
F0642/MID3/,F0642/MID7/,1
F0987/MID10/,F0598/MID4/,0
F0872/MID5/,F0872/MID8/,1
F0860/MID4/,F0672/MID7/,0
F0376/MID7/,F0078/MID4/,0
F0206/MID3/,F0206/MID11/,1
F0814/MID3/,F0566/MID1/,0
F0760/MID2/,F0165/MID3/,0
F0796/MID1/,F0796/MID5/,1
F0806/MID2/,F0806/MID5/,1
F0940/MID4/,F0806/MID1/,0
F0414/MID6/,F0414/MID2/,1
F0517/MID4/,F0740/MID8/,0
F0524/MID2/,F0367/MID1/,0
F0344/MID4/,F0047/MID2/,0
F0045/MID1/,F0601/MID24/,0
F0517/MID1/,F0517/MID2/,1
F0552/MID12/,F0552/MID6/,1
F0029/MID4/,F0029/MID5/,1
F0029/MID3/,F0581/MID2/,0
F0416/MID6/,F0387/MID2/,0
F0128/MID2/,F0516/MID2/,0
F0672/MID6/,F0872/MID4/,0
F0516/MID1/,F0922/MID4/,0
F0661/MID2/,F0448/MID3/,0
F0644/MID2/,F0644/MID5/,1
F0740/MID9/,F0740/MID10/,1
F0639/MID7/,F0400/MID7/,0
F0779/MID4/,F0779/MID2/,1
F0141/MID3/,F0141/MID6/,1
F0378/MID5/,F0378/MID3/,1
F0048/MID2/,F0048/MID11/,1
F0247/MID3/,F0665/MID1/,0
F0327/MID5/,F0327/MID1/,1
F0527/MID3/,F0476/MID3/,0
F0517/MID2/,F0517/MID4/,1
F0135/MID5/,F0251/MID3/,0
F0215/MID1/,F0215/MID6/,1
F0752/MID6/,F0752/MID7/,1
F0238/MID6/,F0345/MID4/,0
F0990/MID9/,F0990/MID6/,1
F0590/MID7/,F0938/MID3/,0
F0298/MID2/,F0605/MID3/,0
F0303/MID10/,F0303/MID5/,1
F0028/MID3/,F0257/MID1/,0
F0192/MID5/,F0192/MID7/,1
F0346/MID5/,F0346/MID2/,1
F0551/MID2/,F0551/MID3/,1
F0703/MID9/,F0703/MID3/,1
F0642/MID2/,F0642/MID7/,1
F0309/MID4/,F0309/MID5/,1
F0206/MID11/,F0206/MID13/,1
F0653/MID3/,F0653/MID5/,1
F0387/MID5/,F0378/MID2/,0
F0342/MID3/,F0342/MID2/,1
F0015/MID1/,F0015/MID5/,1
F0887/MID4/,F0914/MID1/,0
F0188/MID1/,F0703/MID6/,0
F0099/MID6/,F0099/MID4/,1
F0111/MID4/,F0111/MID3/,1
F0991/MID17/,F0991/MID1/,1
F0414/MID8/,F0351/MID2/,0
F0499/MID3/,F0167/MID1/,0
F0542/MID3/,F0542/MID8/,1
F0206/MID11/,F0206/MID3/,1
F0164/MID3/,F0164/MID4/,1
F0976/MID5/,F0830/MID4/,0
F0050/MID1/,F0567/MID1/,0
F0722/MID1/,F0829/MID2/,0
F0997/MID2/,F0997/MID3/,1
F0170/MID1/,F0233/MID5/,0
F0125/MID3/,F0125/MID4/,1
F0457/MID1/,F0457/MID4/,1
F0855/MID3/,F0155/MID5/,0
F0733/MID1/,F0999/MID6/,0
F0532/MID5/,F0552/MID10/,0
F0317/MID3/,F0432/MID1/,0
F0048/MID3/,F0048/MID10/,1
F0337/MID8/,F0337/MID5/,1
F0729/MID4/,F0729/MID5/,1
F0813/MID2/,F0595/MID2/,0
F0601/MID19/,F0020/MID6/,0
F0642/MID3/,F0642/MID1/,1
F0317/MID6/,F0324/MID1/,0
F0951/MID1/,F0494/MID1/,0
F0218/MID6/,F0218/MID7/,1
F0599/MID3/,F0599/MID1/,1
F0938/MID2/,F0858/MID2/,0
F0552/MID3/,F0552/MID4/,1
F0096/MID6/,F0641/MID6/,0
F0638/MID2/,F0638/MID3/,1
F0695/MID1/,F0695/MID5/,1
F0533/MID4/,F0909/MID2/,0
F0244/MID3/,F0821/MID3/,0
F0819/MID9/,F0819/MID8/,1
F0158/MID5/,F0158/MID8/,1
F0597/MID4/,F0597/MID5/,1
F0055/MID1/,F0461/MID1/,0
F0048/MID6/,F0309/MID2/,0
F0797/MID3/,F0285/MID4/,0
F0811/MID4/,F0222/MID3/,0
F0327/MID5/,F0237/MID5/,0
F0006/MID2/,F0206/MID4/,0
F0542/MID6/,F0542/MID1/,1
F0601/MID20/,F0093/MID2/,0
F0215/MID8/,F0314/MID3/,0
F0251/MID3/,F0601/MID17/,0
F0476/MID5/,F0476/MID1/,1
F0123/MID2/,F0208/MID1/,0
F0559/MID2/,F0559/MID3/,1
F0598/MID3/,F0513/MID10/,0
F0209/MID3/,F0632/MID4/,0
F0938/MID4/,F0938/MID3/,1
F0390/MID8/,F0390/MID11/,1
F0090/MID1/,F0393/MID2/,0
F0597/MID6/,F0870/MID1/,0
F0105/MID1/,F0695/MID1/,0
F0094/MID3/,F0783/MID3/,0
F0543/MID3/,F0206/MID3/,0
F0193/MID5/,F0259/MID1/,0
F0262/MID3/,F0262/MID5/,1
F0297/MID3/,F0297/MID4/,1
F0995/MID15/,F0995/MID6/,1
F0767/MID5/,F0767/MID3/,1
F0984/MID5/,F0984/MID7/,1
F0170/MID2/,F0324/MID1/,0
F0163/MID4/,F0163/MID5/,1
F0495/MID3/,F0231/MID8/,0
F0361/MID1/,F0427/MID2/,0
F0158/MID5/,F0158/MID7/,1
F0458/MID3/,F0458/MID5/,1
F0850/MID2/,F0850/MID4/,1
F0836/MID9/,F0836/MID8/,1
F0835/MID3/,F0835/MID5/,1
F0658/MID5/,F0797/MID1/,0
F0414/MID1/,F0414/MID11/,1
F0209/MID4/,F0841/MID2/,0
F0149/MID3/,F0539/MID1/,0
F0873/MID4/,F0873/MID6/,1
F0513/MID2/,F0985/MID4/,0
F0610/MID6/,F0299/MID3/,0
F0503/MID7/,F0503/MID6/,1
F0089/MID3/,F0606/MID5/,0
F0837/MID4/,F0639/MID5/,0
F0501/MID3/,F0450/MID1/,0
F0517/MID2/,F0517/MID5/,1
F0038/MID4/,F0083/MID1/,0
F0690/MID6/,F0259/MID5/,0
F0874/MID3/,F0874/MID4/,1
F0825/MID1/,F0825/MID3/,1
F0068/MID5/,F0011/MID2/,0
F0578/MID3/,F0096/MID7/,0
F0514/MID3/,F0514/MID2/,1
F0099/MID8/,F0099/MID1/,1
F0764/MID2/,F0210/MID2/,0
F0320/MID5/,F0320/MID4/,1
F0872/MID1/,F0872/MID8/,1
F0825/MID12/,F0036/MID4/,0
F0293/MID2/,F0293/MID6/,1
F0995/MID15/,F0995/MID7/,1
F0133/MID1/,F0422/MID8/,0
F0061/MID4/,F0456/MID4/,0
F0552/MID8/,F0552/MID1/,1
F0425/MID9/,F0425/MID7/,1
F0563/MID2/,F0201/MID5/,0
F0698/MID3/,F0698/MID4/,1
F0378/MID3/,F0378/MID5/,1
F0601/MID1/,F0601/MID25/,1
F0690/MID8/,F0690/MID9/,1
F0757/MID3/,F0757/MID1/,1
F0082/MID4/,F0082/MID3/,1
F0517/MID2/,F0517/MID3/,1
F0731/MID2/,F0731/MID7/,1
F0729/MID3/,F0729/MID6/,1
F0631/MID2/,F0631/MID1/,1
F0152/MID1/,F0521/MID4/,0
F0820/MID2/,F0581/MID5/,0
F0117/MID3/,F0117/MID5/,1
F0221/MID3/,F0941/MID4/,0
F0064/MID4/,F0565/MID3/,0
F0069/MID4/,F0069/MID6/,1
F0320/MID8/,F0320/MID5/,1
F0787/MID4/,F0787/MID3/,1
F0991/MID3/,F0991/MID5/,1
F0442/MID2/,F0442/MID4/,1
F0601/MID25/,F0601/MID1/,1
F0432/MID4/,F0432/MID5/,1
F0521/MID3/,F0601/MID20/,0
F0551/MID3/,F0295/MID2/,0
F0535/MID2/,F0535/MID1/,1
F0273/MID3/,F0696/MID5/,0
F0665/MID5/,F0665/MID4/,1
F0378/MID3/,F0378/MID6/,1
F0145/MID1/,F0968/MID1/,0
F0729/MID4/,F0425/MID7/,0
F0150/MID2/,F0889/MID2/,0
F0580/MID2/,F0580/MID4/,1
F0178/MID3/,F0293/MID10/,0
F0505/MID5/,F0505/MID3/,1
F0288/MID4/,F0288/MID3/,1
F0767/MID6/,F0006/MID3/,0
F0403/MID4/,F0752/MID7/,0
F0637/MID1/,F0020/MID3/,0
F0715/MID1/,F0715/MID5/,1
F0156/MID5/,F0156/MID4/,1
F0048/MID10/,F0048/MID3/,1
F0404/MID3/,F0404/MID4/,1
F0672/MID1/,F0503/MID9/,0
F0489/MID1/,F0402/MID1/,0
F0545/MID3/,F0545/MID4/,1
F0918/MID4/,F0637/MID4/,0
F0217/MID4/,F0217/MID1/,1
F0259/MID5/,F0251/MID2/,0
F0431/MID3/,F0431/MID4/,1
F0730/MID6/,F0816/MID2/,0
F0646/MID3/,F0646/MID5/,1
F0321/MID1/,F0321/MID3/,1
F0764/MID1/,F0180/MID2/,0
F0080/MID4/,F0496/MID5/,0
F0974/MID2/,F0276/MID4/,0
F0370/MID4/,F0196/MID5/,0
F0590/MID2/,F0123/MID2/,0
F0999/MID7/,F0099/MID4/,0
F0690/MID10/,F0690/MID3/,1
F0376/MID9/,F0152/MID6/,0
F0416/MID5/,F0416/MID1/,1
F0390/MID10/,F0390/MID1/,1
F0402/MID5/,F0402/MID4/,1
F0400/MID6/,F0173/MID7/,0
F0206/MID12/,F0206/MID4/,1
F0317/MID1/,F0317/MID6/,1
F0690/MID3/,F0690/MID4/,1
F0581/MID5/,F0581/MID9/,1
F0796/MID3/,F0238/MID1/,0
F0141/MID4/,F0141/MID5/,1
F0036/MID1/,F0036/MID3/,1
F0544/MID3/,F0544/MID2/,1
F0952/MID1/,F0821/MID7/,0
F0803/MID4/,F0803/MID1/,1
F0807/MID2/,F0463/MID3/,0
F0569/MID1/,F0536/MID2/,0
F0217/MID1/,F0432/MID5/,0
F0296/MID4/,F0771/MID4/,0
F0457/MID5/,F0457/MID1/,1
F0075/MID1/,F0133/MID1/,0
F0357/MID8/,F0357/MID5/,1
F0583/MID2/,F0979/MID5/,0
F0272/MID1/,F0769/MID7/,0
F0125/MID1/,F0125/MID3/,1
F0999/MID1/,F0126/MID2/,0
F0259/MID2/,F0259/MID4/,1
F0647/MID3/,F0255/MID6/,0
F0796/MID5/,F0796/MID1/,1
F0310/MID1/,F0616/MID4/,0
F0803/MID4/,F0505/MID5/,0
F0608/MID6/,F0176/MID4/,0
F0576/MID1/,F0576/MID2/,1
F0141/MID3/,F0852/MID2/,0
F0901/MID4/,F0007/MID7/,0
F0885/MID1/,F0842/MID3/,0
F0007/MID8/,F0007/MID9/,1
F0842/MID2/,F0402/MID8/,0
F0779/MID2/,F0779/MID4/,1
F0125/MID1/,F0125/MID2/,1
F0513/MID10/,F0169/MID3/,0
F0121/MID4/,F0335/MID1/,0
F0551/MID2/,F0250/MID1/,0
F0309/MID4/,F0309/MID3/,1
F0362/MID3/,F0362/MID4/,1
F0690/MID8/,F0690/MID10/,1
F0902/MID5/,F0504/MID1/,0
F0198/MID4/,F0626/MID2/,0
F0080/MID8/,F0080/MID5/,1
F0995/MID6/,F0995/MID15/,1
F0108/MID1/,F0108/MID2/,1
F0016/MID1/,F0301/MID3/,0
F0750/MID5/,F0750/MID3/,1
F0980/MID1/,F0872/MID1/,0
F0194/MID5/,F0194/MID3/,1
F0358/MID5/,F0358/MID6/,1
F0120/MID2/,F0879/MID5/,0
F1000/MID8/,F0639/MID1/,0
F0872/MID5/,F0052/MID4/,0
F0040/MID3/,F0857/MID2/,0
F0638/MID5/,F0978/MID1/,0
F0669/MID2/,F0402/MID5/,0
F0673/MID7/,F0673/MID6/,1
F0827/MID4/,F0803/MID3/,0
F0337/MID5/,F0337/MID10/,1
F0427/MID1/,F0216/MID3/,0
F0402/MID4/,F0402/MID5/,1
F0150/MID5/,F0150/MID3/,1
F0957/MID5/,F0957/MID3/,1
F0753/MID6/,F0753/MID4/,1
F0754/MID5/,F0754/MID2/,1
F0943/MID2/,F0003/MID4/,0
F0646/MID4/,F0646/MID6/,1
F0346/MID2/,F0346/MID5/,1
F0192/MID5/,F0485/MID2/,0
F0696/MID5/,F0696/MID6/,1
F0514/MID2/,F0514/MID3/,1
F0357/MID9/,F0357/MID6/,1
F0920/MID1/,F0288/MID6/,0
F0488/MID4/,F0789/MID1/,0
F0762/MID1/,F0036/MID5/,0
F0995/MID6/,F0995/MID8/,1
F0210/MID2/,F0217/MID4/,0
F0984/MID5/,F0984/MID3/,1
F0633/MID4/,F0633/MID3/,1
F0610/MID4/,F0023/MID3/,0
F0824/MID8/,F0824/MID1/,1
F0872/MID4/,F0872/MID3/,1
F0476/MID2/,F0476/MID5/,1
F0990/MID6/,F0990/MID9/,1
F0160/MID6/,F0160/MID5/,1
F0989/MID2/,F0457/MID4/,0
F0709/MID3/,F0422/MID5/,0
F0066/MID3/,F0066/MID5/,1
F0763/MID9/,F0763/MID8/,1
F0552/MID1/,F0552/MID8/,1
F0024/MID1/,F0348/MID1/,0
F0664/MID1/,F0192/MID1/,0
F0728/MID3/,F0728/MID4/,1
F0052/MID1/,F0045/MID1/,0
F0120/MID5/,F0120/MID4/,1
F0128/MID3/,F0128/MID7/,1
F0071/MID3/,F0160/MID4/,0
F0231/MID9/,F0038/MID5/,0
F0475/MID7/,F0833/MID1/,0
F0500/MID5/,F0500/MID1/,1
F0821/MID8/,F0821/MID9/,1
F0381/MID3/,F0312/MID2/,0
F0754/MID4/,F0754/MID5/,1
F0234/MID6/,F0590/MID2/,0
F0796/MID3/,F0796/MID9/,1
F0991/MID17/,F0991/MID10/,1
F0402/MID6/,F0402/MID5/,1
F0163/MID6/,F0163/MID5/,1
F0117/MID4/,F0835/MID4/,0
F0825/MID3/,F0297/MID4/,0
F0690/MID7/,F0690/MID9/,1
F0503/MID3/,F0233/MID4/,0
F0500/MID1/,F0500/MID5/,1
F0335/MID2/,F0335/MID1/,1
F0402/MID3/,F0402/MID4/,1
F0015/MID1/,F0990/MID7/,0
F0765/MID5/,F0882/MID2/,0
F0180/MID4/,F0737/MID4/,0
F0279/MID1/,F0066/MID4/,0
F0314/MID5/,F0995/MID10/,0
F0390/MID7/,F0390/MID11/,1
F0705/MID2/,F0349/MID10/,0
F0747/MID4/,F0544/MID1/,0
F0888/MID2/,F0990/MID2/,0
F0980/MID3/,F0761/MID3/,0
F0406/MID3/,F0406/MID4/,1
F0563/MID1/,F0607/MID1/,0
F1000/MID8/,F1000/MID7/,1
F0617/MID4/,F0552/MID13/,0
F0479/MID6/,F0956/MID6/,0
F0756/MID3/,F0762/MID5/,0
F0068/MID4/,F0068/MID5/,1
F0943/MID4/,F0293/MID6/,0
F1000/MID6/,F1000/MID9/,1
F0300/MID2/,F0885/MID1/,0
F0425/MID4/,F0139/MID1/,0
F0146/MID3/,F0146/MID2/,1
F0990/MID9/,F0990/MID7/,1
F0532/MID1/,F0532/MID4/,1
F0825/MID12/,F0135/MID2/,0
F0162/MID2/,F0007/MID6/,0
F0599/MID6/,F0519/MID2/,0
F0853/MID2/,F0567/MID7/,0
F0738/MID7/,F0918/MID1/,0
F0303/MID10/,F0303/MID2/,1
F0400/MID10/,F0400/MID5/,1
F0742/MID7/,F0742/MID3/,1
F0194/MID3/,F0194/MID5/,1
F0267/MID3/,F0459/MID7/,0
F0324/MID4/,F0716/MID2/,0
F0568/MID5/,F0568/MID1/,1
F0607/MID2/,F0607/MID3/,1
F0090/MID15/,F0090/MID11/,1
F0149/MID4/,F0149/MID3/,1
F0731/MID4/,F0937/MID4/,0
F0120/MID4/,F0701/MID7/,0
F0942/MID4/,F0942/MID3/,1
F0431/MID4/,F0431/MID3/,1
F0293/MID8/,F0293/MID5/,1
F0727/MID3/,F0213/MID1/,0
F0994/MID4/,F0441/MID1/,0
F0456/MID4/,F0131/MID2/,0
F0479/MID6/,F0479/MID3/,1
F0290/MID2/,F0290/MID6/,1
F0573/MID1/,F0237/MID5/,0
F0316/MID1/,F0316/MID3/,1
F0327/MID1/,F0327/MID5/,1
F0501/MID5/,F0128/MID4/,0
F0757/MID1/,F0837/MID6/,0
F0929/MID3/,F0929/MID4/,1
F0763/MID5/,F0763/MID7/,1
F0984/MID7/,F0984/MID5/,1
F0497/MID1/,F0614/MID1/,0
F0254/MID5/,F0254/MID1/,1
F0300/MID3/,F0814/MID1/,0
F0958/MID4/,F0112/MID2/,0
F0245/MID2/,F0672/MID1/,0
F0254/MID4/,F0616/MID3/,0
F0117/MID1/,F0839/MID5/,0
F0901/MID1/,F0741/MID1/,0
F0791/MID3/,F0510/MID1/,0
F0983/MID3/,F0983/MID4/,1
F0640/MID1/,F0640/MID2/,1
F0752/MID6/,F0752/MID8/,1
F0381/MID3/,F0689/MID3/,0
F0053/MID2/,F0453/MID2/,0
F0568/MID4/,F0568/MID1/,1
F0513/MID11/,F0729/MID5/,0
F0032/MID2/,F0032/MID1/,1
F0703/MID1/,F0703/MID6/,1
F0810/MID3/,F0810/MID2/,1
F0285/MID4/,F0601/MID19/,0
F0090/MID11/,F0090/MID15/,1
F0608/MID5/,F0887/MID6/,0
F0843/MID3/,F0757/MID2/,0
F0614/MID2/,F0852/MID1/,0
F0882/MID5/,F0080/MID4/,0
F0747/MID1/,F0747/MID4/,1
F0699/MID5/,F0699/MID8/,1
F0220/MID2/,F0220/MID4/,1
F0636/MID1/,F0636/MID4/,1
F0048/MID11/,F0048/MID3/,1
F0763/MID7/,F0763/MID9/,1
F0827/MID3/,F0827/MID4/,1
F0158/MID7/,F0158/MID5/,1
F0309/MID6/,F0357/MID12/,0
F0819/MID6/,F0819/MID10/,1
F0771/MID4/,F0771/MID6/,1
F0821/MID7/,F0611/MID1/,0
F0755/MID2/,F0437/MID1/,0
F0514/MID1/,F0514/MID3/,1
F0390/MID11/,F0909/MID2/,0
F0562/MID2/,F0374/MID1/,0
F0817/MID3/,F0648/MID4/,0
F0878/MID4/,F0626/MID3/,0
F0873/MID9/,F0873/MID6/,1
F0701/MID9/,F0701/MID5/,1
F0432/MID2/,F0975/MID5/,0
F0637/MID3/,F0689/MID3/,0
F0863/MID2/,F0833/MID1/,0
F0940/MID5/,F0144/MID5/,0
F0206/MID8/,F0206/MID10/,1
F0892/MID1/,F0682/MID4/,0
F0123/MID4/,F0123/MID6/,1
F0271/MID2/,F0308/MID1/,0
F0873/MID5/,F0873/MID7/,1
F0731/MID7/,F0731/MID5/,1
F0690/MID3/,F0690/MID9/,1
F0533/MID3/,F0997/MID3/,0
F0464/MID1/,F0583/MID5/,0
F0358/MID6/,F0358/MID5/,1
F0357/MID7/,F0357/MID5/,1
F0317/MID6/,F0317/MID1/,1
F0150/MID4/,F0150/MID2/,1
F0213/MID3/,F0506/MID6/,0
F0855/MID2/,F0863/MID1/,0
F0457/MID1/,F0457/MID5/,1
F0722/MID1/,F0722/MID2/,1
F0796/MID4/,F0796/MID7/,1
F0223/MID2/,F0160/MID4/,0
F0873/MID5/,F0873/MID6/,1
F0459/MID2/,F0064/MID6/,0
F0320/MID4/,F0320/MID6/,1
F0357/MID10/,F0357/MID1/,1
F0004/MID5/,F0004/MID2/,1
F0735/MID1/,F0069/MID4/,0
F0295/MID2/,F0295/MID1/,1
F0981/MID2/,F0867/MID1/,0
F0989/MID8/,F0499/MID2/,0
F0738/MID2/,F0595/MID6/,0
F0873/MID6/,F0598/MID4/,0
F0506/MID3/,F0506/MID5/,1
F0320/MID8/,F0320/MID6/,1
F0417/MID3/,F0851/MID5/,0
F0820/MID3/,F0860/MID1/,0
F0819/MID4/,F0819/MID7/,1
F0997/MID1/,F0645/MID6/,0
F0990/MID4/,F0245/MID4/,0
F0317/MID4/,F0848/MID6/,0
F0911/MID1/,F0824/MID4/,0
F0742/MID4/,F0742/MID7/,1
F0336/MID5/,F0336/MID4/,1
F0339/MID2/,F0339/MID3/,1
F0573/MID2/,F0704/MID4/,0
F0330/MID5/,F0330/MID2/,1
F0673/MID6/,F0673/MID8/,1
F0712/MID1/,F0748/MID2/,0
F0779/MID2/,F0833/MID2/,0
F0215/MID2/,F0215/MID9/,1
F0726/MID1/,F0606/MID1/,0
F0943/MID4/,F0943/MID3/,1
F0343/MID3/,F0343/MID4/,1
F0503/MID6/,F0503/MID7/,1
F0825/MID1/,F0825/MID2/,1
F0376/MID6/,F0376/MID10/,1
F0429/MID2/,F0429/MID1/,1
F0490/MID2/,F0682/MID4/,0
F0636/MID2/,F0408/MID3/,0
F0124/MID1/,F0256/MID1/,0
F0696/MID6/,F0561/MID1/,0
F0125/MID3/,F0125/MID1/,1
F0589/MID3/,F0589/MID4/,1
F0015/MID5/,F0015/MID1/,1
F0604/MID4/,F0312/MID1/,0
F0226/MID5/,F0226/MID4/,1
F0820/MID4/,F0544/MID5/,0
F0209/MID2/,F0209/MID7/,1
F0601/MID1/,F0601/MID27/,1
F0427/MID4/,F0427/MID2/,1
F0989/MID12/,F0989/MID7/,1
F0081/MID1/,F0292/MID2/,0
F0484/MID4/,F0484/MID6/,1
F0317/MID3/,F0317/MID4/,1
F0233/MID2/,F0233/MID3/,1
F0168/MID3/,F0760/MID4/,0
F0634/MID5/,F0023/MID3/,0
F0078/MID5/,F0599/MID1/,0
F0314/MID4/,F0314/MID3/,1
F0045/MID2/,F0974/MID3/,0
F0495/MID2/,F0498/MID6/,0
F0954/MID3/,F0954/MID5/,1
F0359/MID1/,F0843/MID5/,0
F0320/MID6/,F0320/MID8/,1
F0583/MID5/,F0583/MID1/,1
F0601/MID8/,F0601/MID5/,1
F0873/MID9/,F0873/MID7/,1
F0475/MID1/,F0475/MID7/,1
F0400/MID5/,F0400/MID10/,1
F0074/MID1/,F0116/MID5/,0
F0388/MID3/,F0388/MID4/,1
F0315/MID2/,F0873/MID7/,0
F0490/MID8/,F0490/MID7/,1
F0117/MID5/,F0703/MID7/,0
F0259/MID4/,F0259/MID2/,1
F1000/MID9/,F1000/MID6/,1
F0133/MID4/,F0978/MID8/,0
F0578/MID5/,F0578/MID4/,1
F0967/MID1/,F0291/MID8/,0
F0773/MID3/,F0103/MID7/,0
F0561/MID5/,F0561/MID1/,1
F0770/MID5/,F0544/MID5/,0
F0408/MID4/,F0408/MID1/,1
F0564/MID5/,F0598/MID3/,0
F0389/MID3/,F0234/MID1/,0
F0752/MID4/,F0752/MID5/,1
F0501/MID3/,F0793/MID3/,0
F0185/MID5/,F0185/MID1/,1
F0420/MID2/,F0420/MID5/,1
F0704/MID4/,F0673/MID6/,0
F0357/MID10/,F0357/MID2/,1
F0620/MID3/,F0620/MID2/,1
F0327/MID6/,F0327/MID1/,1
F0399/MID2/,F0644/MID4/,0
F0123/MID3/,F0123/MID5/,1
F0309/MID5/,F0309/MID4/,1
F0004/MID6/,F0535/MID3/,0
F0954/MID4/,F0967/MID2/,0
F0149/MID2/,F0127/MID3/,0
F0601/MID29/,F0219/MID2/,0
F0990/MID3/,F0206/MID12/,0
F0185/MID2/,F0881/MID5/,0
F0878/MID3/,F0878/MID5/,1
F0737/MID1/,F0389/MID1/,0
F0742/MID4/,F0742/MID5/,1
F0330/MID4/,F0330/MID2/,1
F0217/MID1/,F0217/MID4/,1
F0535/MID1/,F0820/MID6/,0
F0819/MID4/,F0819/MID2/,1
F0357/MID11/,F0357/MID1/,1
F0601/MID1/,F0781/MID2/,0
F0077/MID4/,F0143/MID3/,0
F0646/MID6/,F0646/MID4/,1
F0192/MID4/,F0168/MID4/,0
F0664/MID1/,F0664/MID6/,1
F0819/MID7/,F0819/MID8/,1
F0118/MID7/,F0118/MID6/,1
F0921/MID4/,F0814/MID3/,0
F0763/MID6/,F0763/MID9/,1
F0488/MID3/,F0488/MID4/,1
F0420/MID3/,F0685/MID3/,0
F0740/MID10/,F0474/MID3/,0
F0771/MID6/,F0917/MID1/,0
F0066/MID3/,F0066/MID4/,1
F0433/MID3/,F0646/MID4/,0
F0819/MID8/,F0819/MID3/,1
F0068/MID4/,F0583/MID5/,0
F0475/MID7/,F0475/MID1/,1
F0690/MID10/,F0690/MID8/,1
F0882/MID4/,F0569/MID1/,0
F0879/MID4/,F0437/MID3/,0
F0542/MID1/,F0542/MID6/,1
F0722/MID2/,F0722/MID1/,1
F0836/MID7/,F0836/MID9/,1
F0158/MID6/,F0158/MID8/,1
F0574/MID2/,F0192/MID2/,0
F0646/MID5/,F0646/MID2/,1
F0765/MID1/,F0424/MID2/,0
F0150/MID8/,F0414/MID9/,0
F0991/MID1/,F0991/MID20/,1
F0755/MID2/,F0584/MID1/,0
F0433/MID5/,F0490/MID5/,0
F0382/MID1/,F0829/MID5/,0
F0253/MID3/,F0368/MID4/,0
F0749/MID1/,F0749/MID5/,1
F0467/MID4/,F0514/MID8/,0
F0566/MID5/,F0867/MID1/,0
F0573/MID4/,F0443/MID2/,0
F0016/MID3/,F0016/MID4/,1
F0891/MID1/,F0490/MID2/,0
F0083/MID6/,F0999/MID4/,0
F0939/MID1/,F0578/MID2/,0
F0351/MID4/,F0964/MID2/,0
F0518/MID3/,F0774/MID7/,0
F0665/MID1/,F0287/MID4/,0
F0427/MID3/,F0703/MID5/,0
F0995/MID12/,F0995/MID10/,1
F0509/MID4/,F0509/MID3/,1
F0071/MID5/,F0007/MID4/,0
F0165/MID9/,F0028/MID3/,0
F0017/MID5/,F0128/MID5/,0
F0558/MID2/,F0558/MID3/,1
F0763/MID9/,F0763/MID7/,1
F0074/MID5/,F0074/MID4/,1
F0578/MID4/,F0578/MID5/,1
F0896/MID5/,F0896/MID4/,1
F0782/MID1/,F0782/MID3/,1
F0180/MID3/,F0525/MID2/,0
F0320/MID10/,F0320/MID5/,1
F0406/MID4/,F0406/MID3/,1
F0064/MID6/,F0064/MID3/,1
F0120/MID6/,F0093/MID3/,0
F0083/MID3/,F0958/MID3/,0
F0601/MID18/,F0357/MID3/,0
F0118/MID5/,F0118/MID7/,1
F0642/MID1/,F0642/MID3/,1
F0954/MID5/,F0815/MID6/,0
F0126/MID2/,F0735/MID2/,0
F0126/MID2/,F0908/MID2/,0
F0606/MID3/,F0746/MID3/,0
F0622/MID1/,F0622/MID6/,1
F0476/MID5/,F0476/MID2/,1
F0759/MID4/,F0759/MID3/,1
F0678/MID2/,F0513/MID6/,0
F0291/MID5/,F0291/MID4/,1
F0664/MID6/,F0789/MID1/,0
F0333/MID4/,F0989/MID6/,0
F0655/MID1/,F0368/MID6/,0
F0606/MID6/,F0552/MID13/,0
F0777/MID4/,F0777/MID3/,1
F0613/MID5/,F0613/MID2/,1
F0518/MID4/,F0518/MID7/,1
F0388/MID4/,F0483/MID3/,0
F0801/MID1/,F0801/MID3/,1
F0622/MID1/,F0622/MID5/,1
F0262/MID4/,F0262/MID5/,1
F0578/MID3/,F0590/MID7/,0
F0425/MID5/,F0976/MID7/,0
F0425/MID10/,F0173/MID6/,0
F0518/MID2/,F0217/MID3/,0
F0222/MID1/,F0222/MID5/,1
F0821/MID3/,F0303/MID5/,0
F0288/MID3/,F0288/MID4/,1
F0017/MID5/,F0670/MID2/,0
F0976/MID6/,F0976/MID5/,1
F0063/MID1/,F0567/MID2/,0
F0233/MID6/,F0020/MID2/,0
F0573/MID5/,F0601/MID12/,0
F0198/MID4/,F0273/MID3/,0
F0559/MID2/,F0559/MID1/,1
F0484/MID6/,F0484/MID4/,1
F0070/MID5/,F0070/MID4/,1
F0757/MID1/,F0757/MID3/,1
F0841/MID3/,F0841/MID5/,1
F0194/MID1/,F0490/MID3/,0
F0903/MID3/,F0656/MID2/,0
F0999/MID3/,F0999/MID5/,1
F0763/MID4/,F0763/MID2/,1
F0934/MID1/,F0946/MID3/,0
F0251/MID3/,F0251/MID6/,1
F0947/MID2/,F0944/MID2/,0
F0173/MID5/,F0173/MID2/,1
F0316/MID3/,F0316/MID1/,1
F0997/MID4/,F0723/MID1/,0
F0979/MID1/,F0405/MID3/,0
F0074/MID1/,F0074/MID2/,1
F0703/MID7/,F0703/MID3/,1
F0367/MID3/,F0637/MID1/,0
F0024/MID1/,F0581/MID5/,0
F0290/MID3/,F0290/MID6/,1
F0155/MID4/,F0569/MID2/,0
F0399/MID2/,F0600/MID3/,0
F0843/MID4/,F0760/MID1/,0
F0863/MID2/,F0408/MID1/,0
F0856/MID3/,F0090/MID14/,0
F0995/MID6/,F0995/MID9/,1
F0731/MID5/,F0731/MID7/,1
F0714/MID3/,F0714/MID4/,1
F0303/MID2/,F0303/MID10/,1
F0819/MID7/,F0819/MID10/,1
F0533/MID2/,F0421/MID3/,0
F0146/MID2/,F0146/MID3/,1
F0494/MID3/,F0397/MID1/,0
F0983/MID1/,F0213/MID1/,0
F0317/MID4/,F0317/MID3/,1
F0472/MID2/,F0472/MID4/,1
F0763/MID9/,F0763/MID4/,1
F0977/MID6/,F0733/MID1/,0
F0750/MID3/,F0750/MID4/,1
F0390/MID11/,F0390/MID1/,1
F0291/MID2/,F0787/MID3/,0
F0960/MID4/,F0960/MID5/,1
F0045/MID1/,F0788/MID1/,0
F0105/MID4/,F0771/MID6/,0
F0348/MID4/,F0071/MID5/,0
F0844/MID2/,F0472/MID3/,0
F0542/MID6/,F0542/MID2/,1
F0346/MID4/,F0346/MID3/,1
F0960/MID3/,F0960/MID4/,1
F0444/MID3/,F0473/MID6/,0
F0221/MID4/,F0310/MID3/,0
F0599/MID2/,F0599/MID3/,1
F0143/MID3/,F0375/MID3/,0
F0590/MID1/,F0590/MID7/,1
F0298/MID5/,F0423/MID5/,0
F0132/MID3/,F0208/MID3/,0
F0872/MID8/,F0872/MID1/,1
F0964/MID4/,F0075/MID3/,0
F0747/MID1/,F0943/MID2/,0
F0422/MID12/,F0983/MID3/,0
F0975/MID1/,F0113/MID3/,0
F0716/MID4/,F0716/MID5/,1
F0296/MID2/,F0296/MID5/,1
F0517/MID4/,F0244/MID2/,0
F0360/MID3/,F0358/MID5/,0
F0583/MID4/,F0583/MID3/,1
F0787/MID2/,F0321/MID2/,0
F0715/MID4/,F0715/MID1/,1
F0340/MID2/,F0984/MID6/,0
F0211/MID1/,F0053/MID5/,0
F0919/MID3/,F0919/MID2/,1
F0505/MID5/,F0375/MID2/,0
F0413/MID2/,F0958/MID4/,0
F0520/MID3/,F0943/MID1/,0
F0226/MID4/,F0226/MID5/,1
F0783/MID1/,F0357/MID3/,0
F0576/MID2/,F0630/MID1/,0
F0518/MID4/,F0705/MID1/,0
F0983/MID4/,F0983/MID3/,1
F0425/MID3/,F0425/MID4/,1
F0803/MID2/,F0809/MID3/,0
F0279/MID1/,F0508/MID4/,0
F0976/MID5/,F0202/MID5/,0
F0361/MID3/,F0361/MID4/,1
F0981/MID4/,F0007/MID7/,0
F0919/MID3/,F0615/MID1/,0
F0839/MID2/,F0518/MID2/,0
F0114/MID9/,F0796/MID7/,0
F0256/MID5/,F0572/MID2/,0
F0090/MID2/,F0090/MID7/,1
F0437/MID1/,F0437/MID2/,1
F0038/MID2/,F0038/MID4/,1
F0038/MID4/,F0687/MID4/,0
F0808/MID2/,F0808/MID1/,1
F0659/MID1/,F0496/MID2/,0
F0070/MID1/,F0070/MID7/,1
F0222/MID5/,F0222/MID2/,1
F0215/MID2/,F0215/MID8/,1
F0550/MID3/,F0771/MID1/,0
F0343/MID4/,F0343/MID3/,1
F0459/MID2/,F0627/MID3/,0
F0309/MID3/,F0309/MID4/,1
F0099/MID3/,F0099/MID6/,1
F0701/MID9/,F0701/MID7/,1
F0775/MID1/,F0370/MID1/,0
F0603/MID1/,F0220/MID3/,0
F0989/MID4/,F0989/MID6/,1
F0401/MID6/,F0401/MID7/,1
F0558/MID2/,F0461/MID3/,0
F0819/MID9/,F0819/MID10/,1
F0984/MID7/,F0984/MID4/,1
F0843/MID3/,F0053/MID6/,0
F0964/MID1/,F0457/MID4/,0
F0385/MID2/,F0989/MID2/,0
F0552/MID12/,F0516/MID3/,0
F0595/MID1/,F0769/MID7/,0
F0494/MID3/,F0494/MID4/,1
F0995/MID9/,F0995/MID12/,1
F0581/MID9/,F0960/MID6/,0
F0190/MID2/,F0468/MID2/,0
F0759/MID2/,F0575/MID2/,0
F0029/MID1/,F0517/MID1/,0
F0665/MID4/,F0665/MID5/,1
F0565/MID4/,F0673/MID3/,0
F0981/MID3/,F0981/MID2/,1
F0390/MID6/,F0390/MID5/,1
F0183/MID5/,F0500/MID2/,0
F0958/MID4/,F0958/MID3/,1
F0064/MID6/,F0928/MID1/,0
F0977/MID5/,F0931/MID2/,0
F0475/MID3/,F0475/MID6/,1
F0113/MID5/,F0589/MID1/,0
F0665/MID2/,F0310/MID3/,0
F0568/MID3/,F0872/MID5/,0
F0069/MID6/,F0853/MID1/,0
F0703/MID5/,F0221/MID5/,0
F0551/MID1/,F0995/MID6/,0
F0819/MID10/,F0819/MID6/,1
F0192/MID7/,F0192/MID5/,1
F0316/MID1/,F0316/MID4/,1
F0819/MID6/,F0819/MID8/,1
F0330/MID2/,F0330/MID4/,1
F0816/MID3/,F0816/MID4/,1
F0987/MID4/,F0028/MID3/,0
F0652/MID4/,F0652/MID1/,1
F0608/MID8/,F0128/MID4/,0
F0987/MID15/,F0987/MID14/,1
F0989/MID6/,F0989/MID4/,1
F0956/MID4/,F0956/MID3/,1
F0713/MID1/,F0713/MID4/,1
F0904/MID1/,F0332/MID5/,0
F0474/MID2/,F0866/MID2/,0
F0075/MID2/,F0927/MID1/,0
F0070/MID7/,F0070/MID1/,1
F0336/MID2/,F0556/MID3/,0
F0701/MID5/,F0701/MID9/,1
F0099/MID1/,F0099/MID8/,1
F0577/MID6/,F0065/MID2/,0
F0033/MID5/,F0543/MID4/,0
F0401/MID8/,F0401/MID9/,1
F0742/MID4/,F0728/MID4/,0
F0330/MID2/,F0990/MID5/,0
F0299/MID5/,F0299/MID3/,1
F0125/MID4/,F0125/MID2/,1
F0822/MID2/,F0042/MID5/,0
F0608/MID8/,F0814/MID5/,0
F0390/MID8/,F0390/MID10/,1
F0293/MID5/,F0293/MID8/,1
F0960/MID5/,F0960/MID4/,1
F0508/MID4/,F0508/MID2/,1
F0995/MID12/,F0995/MID11/,1
F0475/MID4/,F0475/MID3/,1
F0938/MID5/,F0938/MID4/,1
F0121/MID3/,F0121/MID4/,1
F0760/MID3/,F0760/MID4/,1
F0731/MID1/,F0641/MID2/,0
F0320/MID4/,F0320/MID5/,1
F0144/MID1/,F0960/MID4/,0
F0870/MID3/,F0605/MID3/,0
F0135/MID1/,F0514/MID3/,0
F0922/MID4/,F0922/MID3/,1
F0317/MID3/,F0204/MID4/,0
F0838/MID5/,F0528/MID2/,0
F0542/MID3/,F0542/MID6/,1
F0611/MID4/,F0611/MID3/,1
F0781/MID1/,F0118/MID4/,0
F0111/MID3/,F0111/MID4/,1
F0074/MID3/,F0425/MID4/,0
F0752/MID7/,F0752/MID6/,1
F0489/MID2/,F0833/MID1/,0
F0872/MID3/,F0872/MID4/,1
F0930/MID6/,F0930/MID5/,1
F0225/MID2/,F0770/MID5/,0
F0545/MID4/,F0545/MID3/,1
F0633/MID5/,F0696/MID7/,0
F0509/MID2/,F0034/MID2/,0
F0665/MID5/,F0665/MID3/,1
F0540/MID1/,F0022/MID3/,0
F0729/MID5/,F0729/MID4/,1
F0999/MID7/,F0307/MID2/,0
F0357/MID6/,F0357/MID9/,1
F0771/MID6/,F0771/MID5/,1
F0163/MID5/,F0163/MID4/,1
F0630/MID3/,F0630/MID2/,1
F0552/MID10/,F0117/MID1/,0
F0193/MID4/,F0193/MID5/,1
F0994/MID3/,F0994/MID5/,1
F0251/MID6/,F0251/MID3/,1
F0601/MID33/,F0601/MID21/,1
F0519/MID5/,F0875/MID2/,0
F0545/MID6/,F0545/MID3/,1
F0048/MID11/,F0497/MID1/,0
F0673/MID5/,F0704/MID4/,0
F0209/MID4/,F0113/MID4/,0
F0606/MID6/,F0606/MID3/,1
F0991/MID7/,F0991/MID3/,1
F0368/MID3/,F0215/MID5/,0
F0362/MID3/,F0063/MID3/,0
F0422/MID1/,F0422/MID5/,1
F0205/MID7/,F0205/MID3/,1
F0445/MID1/,F0872/MID8/,0
F0601/MID17/,F0318/MID2/,0
F0007/MID9/,F0007/MID1/,1
F0245/MID1/,F0788/MID1/,0
F0033/MID3/,F0033/MID4/,1
F0658/MID7/,F0349/MID4/,0
F0337/MID10/,F0337/MID5/,1
F0991/MID5/,F0836/MID9/,0
F0720/MID2/,F0454/MID2/,0
F0608/MID5/,F0608/MID4/,1
F0788/MID4/,F0234/MID1/,0
F0827/MID4/,F0827/MID3/,1
F0731/MID1/,F0270/MID1/,0
F0543/MID4/,F0230/MID1/,0
F0767/MID4/,F0767/MID5/,1
F0015/MID1/,F0641/MID5/,0
F0552/MID13/,F0944/MID2/,0
F0357/MID4/,F0646/MID5/,0
F0543/MID3/,F0543/MID2/,1
F0634/MID1/,F0634/MID8/,1
F0346/MID5/,F0346/MID3/,1
F0066/MID5/,F0881/MID5/,0
F0233/MID3/,F0233/MID2/,1
F0158/MID8/,F0158/MID6/,1
F0387/MID6/,F0601/MID10/,0
F0941/MID4/,F0126/MID1/,0
F0406/MID6/,F0698/MID3/,0
F0337/MID8/,F0337/MID2/,1
F0981/MID2/,F0981/MID3/,1
F0408/MID1/,F0408/MID4/,1
F0870/MID3/,F0112/MID3/,0
F0296/MID4/,F0960/MID1/,0
F0111/MID2/,F0111/MID4/,1
F0251/MID8/,F0251/MID9/,1
F0126/MID6/,F0608/MID3/,0
F0885/MID6/,F0759/MID6/,0
F0714/MID1/,F0341/MID3/,0
F0459/MID8/,F0987/MID9/,0
F0660/MID5/,F0660/MID6/,1
F0204/MID2/,F0882/MID5/,0
F0292/MID3/,F0292/MID4/,1
F0783/MID1/,F0783/MID2/,1
F0944/MID4/,F0944/MID3/,1
F0716/MID5/,F0716/MID1/,1
F0033/MID3/,F0841/MID3/,0
F0362/MID4/,F0362/MID3/,1
F0217/MID1/,F0217/MID5/,1
F0376/MID10/,F0238/MID5/,0
F0103/MID8/,F0103/MID1/,1
F0979/MID1/,F0306/MID2/,0
F0490/MID1/,F0490/MID7/,1
F0987/MID1/,F0987/MID7/,1
F0334/MID1/,F0334/MID4/,1
F0330/MID2/,F0330/MID5/,1
F0120/MID4/,F0120/MID5/,1
F0991/MID3/,F0991/MID7/,1
F0390/MID11/,F0390/MID7/,1
F0007/MID9/,F0007/MID8/,1
F0358/MID3/,F0358/MID6/,1
F0987/MID1/,F0987/MID11/,1
F0699/MID6/,F0258/MID3/,0
F0461/MID3/,F0610/MID3/,0
F0843/MID5/,F0244/MID3/,0
F0753/MID4/,F0753/MID2/,1
F0133/MID4/,F0850/MID1/,0
F0600/MID6/,F0270/MID4/,0
F0150/MID3/,F0150/MID8/,1
F0678/MID5/,F0022/MID3/,0
F0953/MID1/,F0443/MID3/,0
F0257/MID4/,F0672/MID1/,0
F0990/MID7/,F0990/MID8/,1
F0517/MID1/,F0028/MID1/,0
F0999/MID2/,F0999/MID5/,1
F0552/MID5/,F0132/MID3/,0
F0307/MID1/,F0660/MID6/,0
F0150/MID2/,F0150/MID8/,1
F0951/MID2/,F0806/MID6/,0
F0954/MID4/,F0954/MID5/,1
F0729/MID6/,F0729/MID5/,1
F0052/MID3/,F0753/MID5/,0
F0036/MID3/,F0222/MID4/,0
F0425/MID4/,F0425/MID3/,1
F0290/MID2/,F0413/MID3/,0
F0286/MID4/,F0176/MID1/,0
F0645/MID5/,F0729/MID3/,0
F0173/MID4/,F0173/MID5/,1
F0542/MID6/,F0542/MID7/,1
F0613/MID5/,F0613/MID1/,1
F0241/MID3/,F0347/MID3/,0
F0338/MID2/,F0338/MID5/,1
F0022/MID1/,F0319/MID1/,0
F0063/MID3/,F0954/MID3/,0
F0901/MID3/,F0863/MID2/,0
F0728/MID4/,F0639/MID1/,0
F0854/MID4/,F0866/MID2/,0
F0722/MID1/,F0316/MID4/,0
F0272/MID4/,F0970/MID3/,0
F0956/MID1/,F0956/MID6/,1
F0633/MID3/,F0633/MID5/,1
F0437/MID2/,F0437/MID1/,1
F0649/MID2/,F0874/MID4/,0
F0806/MID5/,F0806/MID2/,1
F0401/MID9/,F0401/MID8/,1
F0144/MID1/,F0144/MID4/,1
F0999/MID7/,F0999/MID1/,1
F0526/MID2/,F0448/MID4/,0
F0091/MID4/,F0091/MID3/,1
F0514/MID1/,F0251/MID7/,0
F0990/MID10/,F0990/MID14/,1
F0433/MID5/,F0975/MID3/,0
F0749/MID5/,F0822/MID3/,0
F0146/MID4/,F0146/MID2/,1
F0269/MID4/,F0269/MID6/,1
F0994/MID4/,F0704/MID1/,0
F0357/MID11/,F0357/MID6/,1
F0392/MID3/,F0392/MID1/,1
F0123/MID5/,F0123/MID6/,1
F0320/MID10/,F0922/MID5/,0
F0759/MID1/,F0216/MID1/,0
F0673/MID3/,F0673/MID5/,1
F0288/MID4/,F0143/MID4/,0
F0956/MID7/,F0956/MID6/,1
F0193/MID3/,F0193/MID4/,1
F0551/MID3/,F0549/MID2/,0
F0752/MID5/,F0420/MID5/,0
F0788/MID1/,F0743/MID2/,0
F0036/MID3/,F0036/MID1/,1
F0821/MID7/,F0821/MID9/,1
F0262/MID6/,F0262/MID4/,1
F0064/MID3/,F0064/MID6/,1
F0606/MID5/,F0606/MID3/,1
F0601/MID42/,F0874/MID5/,0
F0295/MID3/,F0143/MID2/,0
F0599/MID3/,F0599/MID2/,1
F0995/MID14/,F0957/MID2/,0
F0878/MID5/,F0878/MID3/,1
F0456/MID4/,F0338/MID3/,0
F0330/MID1/,F0306/MID3/,0
F0581/MID9/,F0581/MID5/,1
F0938/MID4/,F0938/MID5/,1
F0621/MID2/,F0621/MID5/,1
F0646/MID4/,F0646/MID3/,1
F0362/MID4/,F0362/MID5/,1
F0506/MID1/,F0703/MID2/,0
F0511/MID2/,F0511/MID3/,1
F0543/MID2/,F0543/MID3/,1
F0218/MID6/,F0218/MID4/,1
F0664/MID2/,F0047/MID1/,0
F0164/MID4/,F0164/MID3/,1
F0103/MID5/,F0335/MID2/,0
F0220/MID4/,F0220/MID2/,1
F0205/MID3/,F0205/MID8/,1
F0128/MID4/,F0064/MID5/,0
F0201/MID5/,F0578/MID3/,0
F0146/MID3/,F0999/MID3/,0
F0178/MID1/,F0160/MID6/,0
F0730/MID6/,F0940/MID4/,0
F0293/MID2/,F0938/MID4/,0
F0602/MID2/,F0533/MID1/,0
F0327/MID5/,F0099/MID8/,0
F0742/MID4/,F0163/MID5/,0
F0112/MID2/,F0112/MID3/,1
F0128/MID2/,F0251/MID1/,0
F0320/MID6/,F0320/MID10/,1
F0652/MID5/,F0589/MID1/,0
F0216/MID3/,F0216/MID4/,1
F0996/MID3/,F0996/MID1/,1
F0272/MID1/,F0320/MID2/,0
F0950/MID5/,F0599/MID6/,0
F0027/MID1/,F0283/MID5/,0
F0598/MID1/,F0764/MID5/,0
F0599/MID3/,F0599/MID5/,1
F0966/MID1/,F0197/MID1/,0
F0777/MID4/,F0777/MID6/,1
F0544/MID2/,F0544/MID3/,1
F0815/MID6/,F0484/MID7/,0
F0646/MID3/,F0646/MID4/,1
F0496/MID3/,F0496/MID4/,1
F0960/MID4/,F0987/MID7/,0
F0766/MID4/,F0766/MID2/,1
F0518/MID7/,F0518/MID4/,1
F0639/MID5/,F0995/MID13/,0
F0463/MID1/,F0029/MID4/,0
F0620/MID2/,F0620/MID3/,1
F0690/MID4/,F0216/MID5/,0
F1000/MID7/,F1000/MID8/,1
F0978/MID1/,F0767/MID1/,0
F0458/MID5/,F0458/MID3/,1
F0390/MID1/,F0390/MID10/,1
F0723/MID1/,F0606/MID5/,0
F0879/MID4/,F0879/MID3/,1
F0740/MID5/,F0740/MID2/,1
F0206/MID1/,F0206/MID12/,1
F0423/MID1/,F0762/MID2/,0
F0262/MID6/,F0262/MID3/,1
F0288/MID5/,F0288/MID3/,1
F0552/MID5/,F0552/MID6/,1
F0495/MID6/,F0376/MID5/,0
F0996/MID3/,F0996/MID2/,1
F0235/MID7/,F0501/MID3/,0
F0223/MID1/,F0848/MID2/,0
F0061/MID6/,F0540/MID1/,0
F0408/MID4/,F0256/MID1/,0
F0991/MID17/,F0991/MID12/,1
F0646/MID2/,F0646/MID5/,1
F0456/MID4/,F0865/MID2/,0
F0609/MID4/,F0666/MID2/,0
F0215/MID5/,F0078/MID6/,0
F0042/MID1/,F0042/MID4/,1
F0054/MID4/,F0990/MID3/,0
F0401/MID4/,F0479/MID1/,0
F0273/MID4/,F0273/MID3/,1
F0402/MID6/,F0402/MID3/,1
F0160/MID3/,F0160/MID6/,1
F0845/MID3/,F0967/MID4/,0
F0577/MID6/,F0577/MID1/,1
F0915/MID4/,F0216/MID6/,0
F0715/MID5/,F0715/MID1/,1
F0300/MID2/,F0485/MID1/,0
F0631/MID4/,F0631/MID2/,1
F0255/MID1/,F0285/MID2/,0
F0787/MID3/,F0042/MID4/,0
F0075/MID2/,F0154/MID1/,0
F0989/MID8/,F0989/MID4/,1
F0005/MID3/,F0976/MID7/,0
F0158/MID1/,F0158/MID6/,1
F0357/MID1/,F0357/MID9/,1
F0125/MID2/,F0125/MID1/,1
F0218/MID7/,F0218/MID6/,1
F0669/MID4/,F0669/MID2/,1
F0170/MID1/,F0170/MID3/,1
F0034/MID2/,F0845/MID1/,0
F0074/MID4/,F0074/MID5/,1
F0552/MID4/,F0552/MID13/,1
F0192/MID7/,F0192/MID1/,1
F0117/MID3/,F0117/MID4/,1
F0144/MID5/,F0144/MID1/,1
F0991/MID10/,F0991/MID20/,1
F0872/MID5/,F0872/MID6/,1
F0872/MID6/,F0872/MID5/,1
F0083/MID5/,F0061/MID5/,0
F0771/MID4/,F0771/MID3/,1
F0483/MID1/,F0364/MID4/,0
F0556/MID3/,F0258/MID4/,0
F0984/MID6/,F0984/MID7/,1
F0456/MID4/,F0456/MID3/,1
F0150/MID7/,F0713/MID2/,0
F0183/MID4/,F0769/MID6/,0
F0472/MID4/,F0472/MID2/,1
F0033/MID4/,F0033/MID5/,1
F0995/MID11/,F0995/MID12/,1
F0495/MID2/,F0940/MID3/,0
F0513/MID9/,F0061/MID5/,0
F0771/MID3/,F0771/MID5/,1
F0120/MID5/,F0120/MID6/,1
F0806/MID3/,F0154/MID2/,0
F0595/MID4/,F0494/MID3/,0
F0312/MID5/,F0312/MID4/,1
F0542/MID8/,F0542/MID3/,1
F0632/MID2/,F0036/MID2/,0
F0793/MID2/,F0062/MID5/,0
F0066/MID5/,F0066/MID3/,1
F0433/MID3/,F0945/MID2/,0
F0146/MID2/,F0146/MID4/,1
F0339/MID4/,F0339/MID2/,1
F0723/MID1/,F0211/MID1/,0
F0662/MID1/,F0135/MID5/,0
F0653/MID5/,F0653/MID3/,1
F0731/MID6/,F0731/MID5/,1
F0081/MID7/,F0081/MID6/,1
F0690/MID9/,F0690/MID8/,1
F0390/MID10/,F0390/MID7/,1
F0636/MID5/,F0636/MID6/,1
F0337/MID2/,F0337/MID9/,1
F0496/MID4/,F0662/MID4/,0
F0576/MID1/,F0576/MID4/,1
F0715/MID5/,F0397/MID1/,0
F0320/MID6/,F0320/MID4/,1
F0450/MID3/,F0450/MID2/,1
F0165/MID3/,F0372/MID1/,0
F0987/MID9/,F0987/MID16/,1
F0695/MID1/,F0695/MID4/,1
F0156/MID3/,F0156/MID4/,1
F0581/MID9/,F0581/MID11/,1
F0273/MID4/,F0638/MID6/,0
F0231/MID3/,F0580/MID3/,0
F0468/MID1/,F0368/MID5/,0
F0944/MID3/,F0944/MID4/,1
F0118/MID6/,F0118/MID7/,1
F0833/MID5/,F0090/MID11/,0
F0747/MID3/,F0747/MID1/,1
F0806/MID1/,F0312/MID7/,0
F0450/MID3/,F0450/MID4/,1
F0193/MID7/,F0309/MID1/,0
F0268/MID2/,F0757/MID2/,0
F0316/MID1/,F0357/MID11/,0
F0404/MID2/,F0022/MID1/,0
F0550/MID2/,F0613/MID5/,0
F0221/MID2/,F0221/MID1/,1
F0976/MID5/,F0053/MID6/,0
F0560/MID3/,F0560/MID5/,1
F0960/MID4/,F0960/MID3/,1
F0961/MID7/,F0435/MID2/,0
F0171/MID8/,F0251/MID2/,0
F0752/MID5/,F0752/MID4/,1
F0373/MID3/,F0065/MID4/,0
F0077/MID6/,F0077/MID3/,1
F0173/MID5/,F0173/MID4/,1
F0220/MID4/,F0987/MID1/,0
F0819/MID3/,F0819/MID10/,1
F0118/MID7/,F0118/MID5/,1
F0835/MID4/,F0787/MID3/,0
F0425/MID7/,F0425/MID9/,1
F0121/MID4/,F0121/MID3/,1
F0360/MID3/,F0360/MID4/,1
F0335/MID1/,F0335/MID3/,1
F0296/MID1/,F0296/MID5/,1
F0753/MID4/,F0753/MID6/,1
F0769/MID3/,F0953/MID3/,0
F0830/MID4/,F0127/MID5/,0
F0082/MID3/,F0082/MID4/,1
F0336/MID4/,F0336/MID5/,1
F0740/MID6/,F0740/MID1/,1
F0841/MID5/,F0841/MID3/,1
F0221/MID2/,F0221/MID5/,1
F0956/MID2/,F0231/MID5/,0
F0118/MID4/,F0118/MID3/,1
F0041/MID6/,F0041/MID4/,1
F0276/MID4/,F0276/MID1/,1
F0128/MID5/,F0128/MID3/,1
F0752/MID3/,F0752/MID2/,1
F0589/MID3/,F0288/MID5/,0
F0061/MID6/,F0292/MID1/,0
F0218/MID4/,F0218/MID6/,1
F0346/MID2/,F0255/MID4/,0
F0993/MID3/,F0233/MID3/,0
F0092/MID1/,F0887/MID9/,0
F0082/MID3/,F0082/MID5/,1
F0283/MID1/,F0246/MID7/,0
F0987/MID1/,F0078/MID5/,0
F0920/MID5/,F0920/MID4/,1
F0928/MID3/,F0366/MID3/,0
F0764/MID2/,F0807/MID1/,0
F0357/MID2/,F0357/MID10/,1
F0813/MID2/,F0722/MID1/,0
F0192/MID3/,F0518/MID2/,0
F0701/MID1/,F0701/MID4/,1
F0606/MID1/,F0725/MID3/,0
F0503/MID5/,F0540/MID2/,0
F0417/MID5/,F0995/MID8/,0
F0420/MID3/,F0420/MID5/,1
F0747/MID4/,F0747/MID1/,1
F0316/MID3/,F0149/MID4/,0
F0517/MID3/,F0517/MID2/,1
F0927/MID1/,F0927/MID2/,1
F0165/MID9/,F0251/MID5/,0
F0552/MID4/,F0552/MID5/,1
F0950/MID6/,F0167/MID1/,0
F0550/MID4/,F0550/MID1/,1
F0004/MID4/,F0004/MID2/,1
F0050/MID1/,F0046/MID2/,0
F0255/MID3/,F0173/MID2/,0
F0298/MID6/,F0046/MID1/,0
F0303/MID5/,F0303/MID10/,1
F0245/MID1/,F0334/MID5/,0
F0321/MID1/,F0131/MID2/,0
F1000/MID6/,F1000/MID3/,1
F0583/MID3/,F0583/MID4/,1
F0459/MID7/,F1000/MID4/,0
F0590/MID1/,F0873/MID8/,0
F0896/MID3/,F0896/MID4/,1
F0047/MID4/,F0728/MID5/,0
F0358/MID6/,F0358/MID4/,1
F0994/MID5/,F0994/MID3/,1
F0176/MID1/,F0023/MID1/,0
F0990/MID3/,F0628/MID3/,0
F0334/MID4/,F0334/MID2/,1
F0873/MID9/,F0156/MID3/,0
F0188/MID5/,F0188/MID6/,1
F0458/MID1/,F0260/MID3/,0
F0146/MID1/,F0327/MID3/,0
F0989/MID7/,F0989/MID12/,1
F0023/MID4/,F0414/MID8/,0
F0814/MID1/,F0814/MID5/,1
F0783/MID2/,F0783/MID1/,1
F0953/MID3/,F0931/MID4/,0
F0819/MID9/,F0819/MID4/,1
F0215/MID6/,F0102/MID2/,0
F0390/MID1/,F0390/MID11/,1
F0765/MID4/,F0765/MID5/,1
F0220/MID4/,F0052/MID3/,0
F0819/MID8/,F0819/MID2/,1
F0803/MID2/,F0773/MID5/,0
F0582/MID3/,F0349/MID9/,0
F0393/MID1/,F0771/MID5/,0
F0621/MID5/,F0621/MID2/,1
F0991/MID7/,F0737/MID5/,0
F0867/MID2/,F0659/MID1/,0
F0234/MID6/,F0432/MID4/,0
F0607/MID3/,F0607/MID2/,1
F0896/MID4/,F0139/MID3/,0
F0440/MID4/,F0004/MID2/,0
F0269/MID6/,F0174/MID1/,0
F0842/MID4/,F0730/MID1/,0
F0494/MID3/,F0494/MID5/,1
F0835/MID6/,F0835/MID5/,1
F0310/MID2/,F0422/MID4/,0
F0990/MID11/,F0796/MID6/,0
F0209/MID2/,F0209/MID3/,1
F0420/MID3/,F0344/MID2/,0
F0658/MID3/,F0031/MID2/,0
F0703/MID3/,F0703/MID9/,1
F0950/MID6/,F0950/MID5/,1
F0505/MID3/,F0412/MID3/,0
F0230/MID3/,F0389/MID2/,0
F0887/MID5/,F0887/MID4/,1
F0845/MID3/,F0845/MID1/,1
F0729/MID5/,F0729/MID6/,1
F0405/MID2/,F0763/MID7/,0
F0092/MID3/,F0752/MID9/,0
F0920/MID6/,F0660/MID4/,0
F0542/MID8/,F0542/MID1/,1
F0602/MID2/,F0414/MID6/,0
F0432/MID5/,F0432/MID4/,1
F0601/MID14/,F0601/MID13/,1
F0545/MID4/,F0008/MID1/,0
F0777/MID4/,F0777/MID5/,1
F0029/MID4/,F0435/MID1/,0
F0123/MID7/,F0123/MID4/,1
F0527/MID1/,F0187/MID2/,0
F0873/MID5/,F0873/MID2/,1
F0303/MID3/,F0303/MID2/,1
F0977/MID5/,F0977/MID1/,1
F0406/MID1/,F0300/MID1/,0
F0728/MID3/,F0728/MID5/,1
F0601/MID1/,F0601/MID24/,1
F0360/MID5/,F0373/MID3/,0
F0819/MID8/,F0819/MID9/,1
F0863/MID2/,F0057/MID3/,0
F0087/MID1/,F0915/MID6/,0
F0309/MID5/,F0774/MID7/,0
F0158/MID8/,F0158/MID5/,1
F0425/MID4/,F0517/MID3/,0
F0819/MID7/,F0715/MID4/,0
F0777/MID5/,F0777/MID4/,1
F0740/MID1/,F0740/MID7/,1
F0048/MID3/,F0048/MID11/,1
F0715/MID6/,F0715/MID1/,1
F0450/MID2/,F0450/MID3/,1
F0701/MID4/,F0701/MID1/,1
F0431/MID2/,F0818/MID3/,0
F0425/MID9/,F0425/MID8/,1
F0269/MID6/,F0269/MID3/,1
F0909/MID4/,F0909/MID3/,1
F0819/MID2/,F0819/MID4/,1
F0877/MID4/,F0235/MID3/,0
F0879/MID1/,F0879/MID6/,1
F0402/MID4/,F0402/MID3/,1
F0990/MID14/,F0990/MID10/,1
F0448/MID5/,F0335/MID2/,0
F0163/MID3/,F0860/MID3/,0
F0406/MID6/,F0878/MID5/,0
F0188/MID6/,F0781/MID3/,0
F0976/MID1/,F0343/MID3/,0
F0415/MID1/,F0673/MID6/,0
F0617/MID4/,F0617/MID3/,1
F0221/MID2/,F0221/MID4/,1
F0077/MID1/,F0990/MID3/,0
F0601/MID1/,F0601/MID26/,1
F0542/MID2/,F0257/MID5/,0
F0193/MID5/,F0193/MID4/,1
F0248/MID3/,F0007/MID7/,0
F0946/MID1/,F0349/MID6/,0
F0836/MID5/,F0836/MID7/,1
F0099/MID6/,F0099/MID3/,1
F0082/MID2/,F0316/MID3/,0
F0798/MID5/,F0489/MID1/,0
F0006/MID3/,F0860/MID2/,0
F0815/MID4/,F0815/MID1/,1
F0156/MID4/,F0825/MID2/,0
F0695/MID4/,F0561/MID1/,0
F0875/MID4/,F0392/MID2/,0
F0777/MID3/,F0777/MID4/,1
F0403/MID2/,F0082/MID2/,0
F0083/MID4/,F0387/MID7/,0
F0021/MID4/,F0954/MID5/,0
F0631/MID2/,F0631/MID4/,1
F0752/MID2/,F0752/MID5/,1
F0715/MID1/,F0715/MID6/,1
F0431/MID2/,F0513/MID12/,0
F0241/MID2/,F0601/MID16/,0
F0509/MID1/,F0400/MID4/,0
F0998/MID6/,F0705/MID1/,0
F0029/MID4/,F0029/MID3/,1
F0459/MID5/,F0704/MID1/,0
F0288/MID6/,F0874/MID4/,0
F0801/MID1/,F0801/MID2/,1
F0545/MID3/,F0587/MID2/,0
F0031/MID3/,F0031/MID5/,1
F0922/MID5/,F0922/MID2/,1
F0759/MID1/,F0759/MID13/,1
F0344/MID2/,F0576/MID4/,0
F0416/MID5/,F0416/MID2/,1
F0705/MID3/,F0734/MID1/,0
F0985/MID3/,F0985/MID4/,1
F0385/MID3/,F0337/MID10/,0
F0996/MID1/,F0996/MID3/,1
F0403/MID5/,F0937/MID2/,0
F0154/MID4/,F0165/MID2/,0
F0601/MID27/,F0601/MID1/,1
F0393/MID4/,F0821/MID4/,0
F0103/MID8/,F0286/MID3/,0
F0337/MID5/,F0337/MID8/,1
F0150/MID5/,F0150/MID2/,1
F0139/MID3/,F0922/MID5/,0
F0716/MID5/,F0716/MID4/,1
F0163/MID5/,F0163/MID3/,1
F0765/MID1/,F0765/MID2/,1
F0042/MID5/,F0993/MID5/,0
F0821/MID9/,F0821/MID8/,1
F0735/MID4/,F0245/MID5/,0
F0293/MID10/,F0427/MID6/,0
F0285/MID4/,F0285/MID6/,1
F0392/MID1/,F0392/MID3/,1
F0141/MID2/,F0053/MID2/,0
F0565/MID2/,F0096/MID3/,0
F0508/MID5/,F0508/MID2/,1
F0595/MID6/,F0595/MID5/,1
F0987/MID14/,F0987/MID15/,1
F0873/MID7/,F0873/MID3/,1
F0337/MID3/,F0388/MID2/,0
F0303/MID3/,F0303/MID4/,1
F0074/MID6/,F0821/MID3/,0
F0132/MID2/,F0610/MID4/,0
F0881/MID3/,F0576/MID4/,0
F0665/MID3/,F0665/MID5/,1
F0765/MID2/,F0765/MID1/,1
F0449/MID2/,F0053/MID6/,0
F0860/MID2/,F0206/MID10/,0
F0806/MID3/,F0324/MID2/,0
F0732/MID2/,F0742/MID2/,0
F0636/MID5/,F0636/MID1/,1
F0517/MID5/,F0517/MID2/,1
F0728/MID4/,F0728/MID3/,1
F0222/MID2/,F0222/MID4/,1
F0777/MID2/,F0970/MID4/,0
F0821/MID5/,F0821/MID4/,1
F0669/MID2/,F0128/MID4/,0
F0048/MID4/,F0909/MID3/,0
F0231/MID8/,F0231/MID9/,1
F0464/MID1/,F0258/MID3/,0
F0024/MID3/,F0658/MID5/,0
F0501/MID3/,F0501/MID4/,1
F0749/MID1/,F0749/MID3/,1
F0300/MID1/,F0920/MID5/,0
F0606/MID3/,F0606/MID6/,1
F0991/MID13/,F0991/MID15/,1
F0505/MID4/,F0505/MID3/,1
F0373/MID2/,F0533/MID1/,0
F0821/MID8/,F0821/MID2/,1
F0536/MID3/,F0791/MID3/,0
F0796/MID2/,F0796/MID7/,1
F0570/MID1/,F0570/MID2/,1
F0818/MID4/,F0818/MID3/,1
F0601/MID25/,F0518/MID6/,0
F0346/MID3/,F0346/MID4/,1
F0533/MID2/,F0938/MID4/,0
F0987/MID13/,F0987/MID15/,1
F0921/MID3/,F0921/MID6/,1
F0406/MID2/,F0406/MID4/,1
F0312/MID2/,F0922/MID2/,0
F0872/MID6/,F0382/MID3/,0
F0755/MID4/,F0385/MID3/,0
F0125/MID7/,F0449/MID2/,0
F0740/MID4/,F0584/MID4/,0
F0320/MID5/,F0320/MID8/,1
F0836/MID4/,F0206/MID11/,0
F0048/MID1/,F0048/MID10/,1
F0148/MID2/,F0891/MID3/,0
F0163/MID4/,F0993/MID6/,0
F0952/MID1/,F0475/MID4/,0
F0960/MID4/,F0917/MID1/,0
F0283/MID5/,F0699/MID2/,0
F0343/MID3/,F0557/MID4/,0
F0909/MID3/,F0909/MID4/,1
F0622/MID6/,F0622/MID1/,1
F0419/MID3/,F0614/MID4/,0
F0007/MID1/,F0007/MID9/,1
F0193/MID6/,F0402/MID7/,0
F0233/MID4/,F0156/MID1/,0
F0726/MID1/,F0362/MID3/,0
F0333/MID3/,F0516/MID3/,0
F0156/MID3/,F0209/MID4/,0
F0999/MID5/,F0999/MID2/,1
F0816/MID4/,F0225/MID4/,0
F0519/MID1/,F0472/MID1/,0
F0532/MID4/,F0532/MID1/,1
F0334/MID4/,F0334/MID1/,1
F0974/MID2/,F0036/MID1/,0
F0763/MID6/,F0763/MID5/,1
F0034/MID3/,F0624/MID1/,0
F0874/MID5/,F0874/MID4/,1
F0411/MID2/,F0214/MID1/,0
F0887/MID1/,F0887/MID8/,1
F0999/MID1/,F0695/MID5/,0
F0601/MID28/,F0601/MID18/,1
F0288/MID3/,F0288/MID5/,1
F0157/MID3/,F0157/MID1/,1
F0740/MID3/,F0054/MID3/,0
F0382/MID1/,F0046/MID5/,0
F0715/MID3/,F0400/MID5/,0
F0840/MID4/,F0565/MID4/,0
F0946/MID2/,F0704/MID4/,0
F0731/MID5/,F0731/MID6/,1
F0544/MID1/,F0544/MID2/,1
F0787/MID3/,F0787/MID4/,1
F0288/MID6/,F0288/MID4/,1
F0505/MID3/,F0505/MID5/,1
F0729/MID4/,F0729/MID3/,1
F0589/MID4/,F0589/MID3/,1
F0285/MID2/,F0285/MID5/,1
F0873/MID4/,F0873/MID7/,1
F0867/MID2/,F0775/MID6/,0
F0942/MID4/,F0576/MID3/,0
F0759/MID7/,F0759/MID1/,1
F0995/MID11/,F0245/MID3/,0
F0255/MID4/,F0320/MID7/,0
F0093/MID6/,F0850/MID2/,0
F0360/MID4/,F0360/MID3/,1
F0316/MID2/,F0601/MID39/,0
F0340/MID1/,F0253/MID5/,0
F0131/MID3/,F0370/MID1/,0
F0767/MID6/,F0767/MID4/,1
F0016/MID4/,F0951/MID1/,0
F0563/MID4/,F0358/MID1/,0
F0291/MID3/,F0763/MID5/,0
F0484/MID3/,F0559/MID3/,0
F0231/MID9/,F0231/MID8/,1
F0415/MID2/,F0514/MID8/,0
F0629/MID2/,F0204/MID4/,0
F0690/MID7/,F0690/MID4/,1
F0401/MID7/,F0401/MID6/,1
F0376/MID7/,F0915/MID5/,0
F0836/MID1/,F0836/MID8/,1
F0029/MID1/,F0320/MID1/,0
F0457/MID3/,F0606/MID1/,0
F0740/MID2/,F0740/MID7/,1
F0356/MID2/,F0552/MID5/,0
F0767/MID5/,F0767/MID4/,1
F0221/MID5/,F0221/MID2/,1
F0467/MID4/,F0194/MID1/,0
F0007/MID1/,F0345/MID4/,0
F0535/MID4/,F0145/MID2/,0
F0873/MID7/,F0873/MID9/,1
F0989/MID6/,F0703/MID4/,0
F0979/MID4/,F0786/MID1/,0
F0526/MID1/,F0526/MID2/,1
F0293/MID5/,F0089/MID3/,0
F0021/MID1/,F0415/MID3/,0
F0699/MID3/,F0315/MID1/,0
F0819/MID10/,F0819/MID7/,1
F0046/MID4/,F0987/MID14/,0
F0851/MID6/,F0628/MID1/,0
F0559/MID4/,F0453/MID1/,0
F0924/MID4/,F0924/MID3/,1
F0392/MID2/,F0379/MID1/,0
F0649/MID3/,F0649/MID4/,1
F0577/MID5/,F0639/MID4/,0
F0658/MID7/,F0117/MID5/,0
F0672/MID3/,F0672/MID7/,1
F0080/MID1/,F0333/MID6/,0
F0801/MID3/,F0801/MID1/,1
F0427/MID5/,F0074/MID4/,0
F0465/MID2/,F0359/MID1/,0
F0128/MID2/,F0048/MID1/,0
F0406/MID2/,F0545/MID4/,0
F0756/MID3/,F0756/MID4/,1
F0281/MID3/,F0327/MID4/,0
F0403/MID4/,F0403/MID5/,1
F0501/MID3/,F0501/MID5/,1
F0158/MID6/,F0367/MID2/,0
F0514/MID2/,F0514/MID4/,1
F0815/MID6/,F0815/MID1/,1
F0454/MID1/,F0476/MID1/,0
F0814/MID3/,F0549/MID4/,0
F0164/MID2/,F0114/MID9/,0
F0837/MID2/,F0021/MID2/,0
F0256/MID5/,F0256/MID7/,1
F0182/MID1/,F0314/MID3/,0
F0756/MID3/,F0302/MID2/,0
F0641/MID1/,F0980/MID5/,0
F0167/MID2/,F0213/MID5/,0
F0583/MID7/,F0052/MID2/,0
F0423/MID1/,F0704/MID1/,0
F0998/MID2/,F0998/MID3/,1
F0475/MID6/,F0881/MID4/,0
F0442/MID4/,F0096/MID7/,0
F0938/MID3/,F0445/MID1/,0
F0621/MID2/,F0621/MID3/,1
F0713/MID4/,F0713/MID1/,1
F0991/MID4/,F0991/MID3/,1
F0544/MID2/,F0544/MID1/,1
F0664/MID4/,F0796/MID3/,0
F0255/MID5/,F0422/MID3/,0
F0991/MID13/,F0121/MID2/,0
F0641/MID3/,F0786/MID3/,0
F0187/MID1/,F0742/MID2/,0
F0246/MID6/,F0217/MID3/,0
F0358/MID4/,F0567/MID2/,0
F0752/MID5/,F0752/MID2/,1
F0852/MID3/,F0312/MID5/,0
F0991/MID9/,F0740/MID4/,0
F0644/MID5/,F0644/MID2/,1
F0709/MID3/,F0290/MID3/,0
F0846/MID4/,F0846/MID1/,1
F0613/MID2/,F0613/MID5/,1
F0162/MID4/,F0162/MID5/,1
F0144/MID8/,F0865/MID2/,0
F0217/MID5/,F0217/MID1/,1
F0423/MID1/,F0423/MID3/,1
F0743/MID4/,F0048/MID3/,0
F0029/MID7/,F0029/MID4/,1
F0810/MID2/,F0810/MID3/,1
F0590/MID3/,F0590/MID4/,1
F0316/MID2/,F0841/MID1/,0
F0262/MID3/,F0262/MID6/,1
F0835/MID4/,F0991/MID8/,0
F0860/MID1/,F0611/MID3/,0
F0729/MID3/,F0983/MID1/,0
F0703/MID6/,F0703/MID1/,1
F0574/MID4/,F0803/MID4/,0
F0055/MID1/,F0082/MID3/,0
F0501/MID2/,F0178/MID1/,0
F0048/MID11/,F0526/MID2/,0
F0530/MID1/,F0160/MID6/,0
F0063/MID1/,F0345/MID3/,0
F0454/MID2/,F0042/MID3/,0
F0995/MID8/,F0995/MID12/,1
F0425/MID3/,F0928/MID2/,0
F0475/MID6/,F0475/MID5/,1
F0872/MID7/,F0872/MID1/,1
F0995/MID11/,F0995/MID7/,1
F0008/MID10/,F0217/MID5/,0
F0434/MID2/,F0987/MID12/,0
F0474/MID1/,F0567/MID8/,0
F0844/MID3/,F0844/MID2/,1
F0506/MID3/,F0506/MID6/,1
F0601/MID8/,F0601/MID9/,1
F0118/MID4/,F0118/MID7/,1
F0956/MID6/,F0956/MID1/,1
F0991/MID3/,F0991/MID4/,1
F0356/MID4/,F0914/MID1/,0
F0995/MID4/,F0599/MID1/,0
F0754/MID5/,F0154/MID1/,0
F0825/MID4/,F0825/MID1/,1
F0750/MID2/,F0190/MID3/,0
F0449/MID3/,F0198/MID3/,0
F0359/MID4/,F0980/MID1/,0
F0312/MID3/,F0160/MID4/,0
F0891/MID2/,F0830/MID2/,0
F0606/MID5/,F0335/MID3/,0
F0915/MID6/,F0915/MID1/,1
F0316/MID4/,F0510/MID4/,0
F0570/MID2/,F0570/MID1/,1
F0872/MID1/,F0872/MID6/,1
F0345/MID2/,F0906/MID2/,0
F0423/MID2/,F0423/MID1/,1
F0342/MID2/,F0342/MID1/,1
F0731/MID2/,F0731/MID6/,1
F0150/MID4/,F0596/MID4/,0
F0714/MID4/,F0714/MID3/,1
F0376/MID8/,F0798/MID6/,0
F0991/MID20/,F0991/MID12/,1
F0424/MID3/,F0796/MID8/,0
F0441/MID2/,F0610/MID7/,0
F0835/MID5/,F0835/MID6/,1
F0215/MID2/,F0215/MID3/,1
F0836/MID9/,F0836/MID7/,1
F0039/MID4/,F0798/MID5/,0
F0437/MID3/,F0716/MID3/,0
F0999/MID1/,F0999/MID7/,1
F0877/MID2/,F0533/MID2/,0
F0833/MID5/,F0029/MID6/,0
F0562/MID1/,F0125/MID1/,0
F0332/MID2/,F0494/MID5/,0
F0416/MID5/,F0821/MID5/,0
F0974/MID1/,F0601/MID35/,0
F0873/MID4/,F0857/MID2/,0
F0655/MID2/,F0821/MID9/,0
F0117/MID4/,F0117/MID3/,1
F0756/MID4/,F0756/MID3/,1
F0194/MID5/,F0285/MID3/,0
F0788/MID5/,F0634/MID4/,0
F0064/MID6/,F0064/MID4/,1
F0642/MID7/,F0642/MID2/,1
F0048/MID8/,F0319/MID1/,0
F0991/MID20/,F0991/MID1/,1
F0327/MID6/,F0327/MID4/,1
F0542/MID8/,F0877/MID3/,0
F0218/MID7/,F0759/MID7/,0
F0251/MID2/,F0251/MID6/,1
F0288/MID6/,F0288/MID5/,1
F0156/MID4/,F0156/MID3/,1
F0835/MID4/,F0835/MID5/,1
F0875/MID4/,F0875/MID3/,1
F0472/MID3/,F0812/MID3/,0
F0070/MID1/,F1000/MID8/,0
F0158/MID7/,F0158/MID6/,1
F0819/MID8/,F0819/MID6/,1
F0740/MID7/,F0740/MID1/,1
F0597/MID2/,F0437/MID1/,0
F0547/MID4/,F0547/MID2/,1
F0490/MID7/,F0490/MID8/,1
F0536/MID4/,F0338/MID5/,0
F0587/MID4/,F0370/MID1/,0
F0818/MID7/,F0262/MID6/,0
F0879/MID3/,F0879/MID4/,1
F0560/MID2/,F0062/MID5/,0
F0335/MID3/,F0335/MID1/,1
F0367/MID4/,F0367/MID3/,1
F0273/MID4/,F0295/MID5/,0
F0081/MID7/,F0081/MID8/,1
F0031/MID5/,F0031/MID3/,1
F0713/MID3/,F0713/MID1/,1
F0882/MID4/,F0216/MID1/,0
F0815/MID1/,F0815/MID4/,1
F0573/MID4/,F0159/MID1/,0
F0576/MID4/,F0576/MID1/,1
F0490/MID7/,F0490/MID1/,1
F0506/MID6/,F0506/MID3/,1
F0048/MID1/,F0048/MID11/,1
F0467/MID3/,F0889/MID2/,0
F0552/MID2/,F0601/MID4/,0
F0061/MID8/,F0737/MID1/,0
F0756/MID5/,F0670/MID1/,0
F0981/MID1/,F0738/MID4/,0
F0080/MID5/,F0080/MID8/,1
F0257/MID2/,F0257/MID3/,1
F0157/MID2/,F0157/MID3/,1
F0334/MID2/,F0158/MID2/,0
F0937/MID1/,F0602/MID7/,0
F0201/MID1/,F0320/MID10/,0
F0157/MID1/,F0783/MID2/,0
F0312/MID3/,F0312/MID4/,1
F0298/MID4/,F0298/MID3/,1
F0342/MID2/,F0597/MID8/,0
F0158/MID6/,F0158/MID7/,1
F0222/MID2/,F0222/MID5/,1
F0376/MID1/,F0844/MID1/,0
F0298/MID3/,F0298/MID4/,1
F0995/MID9/,F0995/MID6/,1
F0566/MID5/,F0633/MID5/,0
F0601/MID13/,F0601/MID14/,1
F0221/MID1/,F0221/MID2/,1
F0922/MID4/,F0922/MID5/,1
F0044/MID1/,F0734/MID1/,0
F0231/MID14/,F0977/MID3/,0
F0905/MID3/,F0957/MID2/,0
F0303/MID3/,F0658/MID7/,0
F0542/MID1/,F0542/MID8/,1
F0193/MID2/,F0547/MID2/,0
F0247/MID3/,F0738/MID2/,0
F0017/MID4/,F0788/MID1/,0
F0216/MID4/,F0216/MID3/,1
F0024/MID3/,F0842/MID4/,0
F0046/MID2/,F0089/MID1/,0
F0123/MID5/,F0123/MID3/,1
F0872/MID5/,F0872/MID7/,1
F0601/MID13/,F0990/MID5/,0
F0425/MID9/,F0458/MID3/,0
F0545/MID3/,F0863/MID2/,0
F0238/MID4/,F0238/MID1/,1
F0879/MID3/,F0610/MID2/,0
F0346/MID2/,F0346/MID4/,1
F0295/MID4/,F0809/MID1/,0
F0160/MID6/,F0160/MID3/,1
F0296/MID5/,F0296/MID2/,1
F0622/MID1/,F0622/MID4/,1
F0286/MID4/,F0388/MID1/,0
F0108/MID2/,F0108/MID1/,1
F0309/MID1/,F0950/MID2/,0
F0991/MID6/,F0991/MID3/,1
F0982/MID3/,F0217/MID2/,0
F0636/MID4/,F0636/MID6/,1
F0251/MID3/,F0219/MID3/,0
F0562/MID2/,F0312/MID1/,0
F0597/MID4/,F0026/MID4/,0
F0872/MID6/,F0872/MID1/,1
F0390/MID3/,F0390/MID11/,1
F0483/MID1/,F0483/MID2/,1
F0254/MID4/,F0601/MID1/,0
F0763/MID8/,F0763/MID5/,1
F0204/MID4/,F0204/MID3/,1
F0877/MID2/,F0524/MID3/,0
F0646/MID4/,F0952/MID3/,0
F0231/MID3/,F0231/MID9/,1
F0117/MID2/,F0388/MID4/,0
F0301/MID3/,F0047/MID2/,0
F0737/MID1/,F0318/MID2/,0
F0980/MID2/,F0221/MID4/,0
F0433/MID3/,F0433/MID2/,1
F0157/MID3/,F0157/MID4/,1
F0475/MID5/,F0111/MID2/,0
F0158/MID2/,F0664/MID1/,0
F0427/MID2/,F0427/MID3/,1
F0991/MID13/,F0440/MID2/,0
F0636/MID6/,F0636/MID4/,1
F0659/MID1/,F0626/MID3/,0
F0560/MID5/,F0560/MID3/,1
F0077/MID4/,F0077/MID3/,1
F0918/MID5/,F0984/MID3/,0
F0701/MID5/,F0701/MID8/,1
F0173/MID2/,F0173/MID7/,1
F0759/MID13/,F0759/MID1/,1
F0133/MID5/,F0429/MID1/,0
F0740/MID1/,F0091/MID3/,0
F0300/MID2/,F0374/MID1/,0
F0771/MID3/,F0771/MID4/,1
F0473/MID4/,F0952/MID4/,0
F0695/MID5/,F0695/MID1/,1
F0995/MID6/,F0995/MID10/,1
F0763/MID8/,F0763/MID2/,1
F0509/MID3/,F0509/MID4/,1
F0160/MID5/,F0160/MID6/,1
F0782/MID2/,F0146/MID1/,0
F0300/MID1/,F0989/MID3/,0
F0278/MID3/,F0523/MID1/,0
F0567/MID1/,F0357/MID12/,0
F0430/MID1/,F0841/MID5/,0
F0836/MID9/,F0208/MID1/,0
F0197/MID3/,F0197/MID5/,1
F0552/MID6/,F0552/MID3/,1
F0251/MID9/,F0251/MID8/,1
F0096/MID1/,F0346/MID1/,0
F0400/MID5/,F0400/MID9/,1
F0442/MID5/,F0767/MID4/,0
F0251/MID9/,F0898/MID4/,0
F0825/MID3/,F0825/MID1/,1
F0740/MID6/,F0740/MID2/,1
F0742/MID2/,F0742/MID5/,1
F0114/MID4/,F0148/MID2/,0
F0583/MID6/,F0070/MID7/,0
F0374/MID1/,F0271/MID2/,0
F0362/MID2/,F0465/MID4/,0
F0319/MID4/,F0193/MID8/,0
F0211/MID5/,F0231/MID9/,0
F0362/MID5/,F0974/MID5/,0
F0628/MID1/,F0448/MID2/,0
F0256/MID2/,F0157/MID4/,0
F0919/MID2/,F0919/MID4/,1
F0234/MID2/,F0752/MID9/,0
F0425/MID8/,F0425/MID10/,1
F0918/MID8/,F0316/MID2/,0
F0518/MID4/,F0518/MID6/,1
F0429/MID1/,F0860/MID2/,0
F0808/MID1/,F0927/MID3/,0
F0511/MID3/,F0511/MID2/,1
F0082/MID5/,F0490/MID8/,0
F0556/MID4/,F0488/MID2/,0
F0873/MID5/,F0973/MID2/,0
F0610/MID2/,F0991/MID17/,0
F0090/MID11/,F0926/MID5/,0
F0690/MID10/,F0690/MID7/,1
F0514/MID3/,F0956/MID4/,0
F0061/MID5/,F0117/MID1/,0
F0760/MID4/,F0760/MID3/,1
F0293/MID10/,F0616/MID2/,0
F0334/MID3/,F0334/MID2/,1
F0755/MID2/,F0751/MID2/,0
F0495/MID5/,F0495/MID1/,1
F0873/MID3/,F0873/MID6/,1
F0048/MID5/,F0824/MID4/,0
F0508/MID4/,F0002/MID3/,0
F0621/MID5/,F0401/MID6/,0
F0379/MID3/,F0445/MID3/,0
F0157/MID3/,F0157/MID2/,1
F0506/MID5/,F0506/MID4/,1
F0991/MID20/,F0991/MID10/,1
F0462/MID1/,F0933/MID5/,0
F0600/MID4/,F0338/MID5/,0
F0851/MID2/,F0596/MID4/,0
F0806/MID4/,F0806/MID2/,1
F0146/MID1/,F0658/MID7/,0
F0158/MID1/,F0765/MID1/,0
F0230/MID4/,F0234/MID3/,0
F0551/MID3/,F0551/MID2/,1
F0412/MID1/,F0257/MID5/,0
F0310/MID1/,F0040/MID2/,0
F0457/MID6/,F0457/MID1/,1
F0502/MID2/,F0844/MID3/,0
F0222/MID4/,F0222/MID2/,1
F0206/MID12/,F0206/MID1/,1
F0729/MID4/,F0873/MID7/,0
F0187/MID4/,F0155/MID5/,0
F0453/MID2/,F0890/MID1/,0
F0873/MID7/,F0873/MID4/,1
F0061/MID8/,F0061/MID7/,1
F0368/MID5/,F0600/MID3/,0
F0405/MID3/,F0556/MID4/,0
F0938/MID5/,F0931/MID2/,0
F0533/MID6/,F0533/MID5/,1
F0353/MID3/,F0353/MID4/,1
F0873/MID2/,F0873/MID3/,1
F0892/MID4/,F0892/MID3/,1
F0062/MID3/,F0467/MID3/,0
F0820/MID1/,F0977/MID6/,0
F0310/MID4/,F0310/MID3/,1
F0288/MID5/,F0291/MID3/,0
F0295/MID7/,F0816/MID2/,0
F0991/MID12/,F0991/MID17/,1
F0361/MID4/,F0501/MID2/,0
F0479/MID3/,F0479/MID4/,1
F0324/MID5/,F0926/MID2/,0
F0462/MID3/,F0924/MID1/,0
F0110/MID2/,F0490/MID6/,0
F0514/MID1/,F0514/MID4/,1
F0542/MID2/,F0991/MID6/,0
F0620/MID1/,F0620/MID2/,1
F0995/MID10/,F0995/MID12/,1
F0219/MID5/,F0219/MID4/,1
F0991/MID1/,F0991/MID17/,1
F0653/MID4/,F0653/MID3/,1
F0626/MID3/,F0626/MID4/,1
F0090/MID7/,F0090/MID2/,1
F0819/MID7/,F0819/MID4/,1
F0577/MID5/,F0483/MID4/,0
F0061/MID6/,F0422/MID6/,0
F0443/MID1/,F0092/MID3/,0
F0103/MID1/,F0103/MID8/,1
F0334/MID1/,F0334/MID3/,1
F0664/MID4/,F0205/MID3/,0
F0752/MID3/,F0752/MID4/,1
F0259/MID3/,F0259/MID2/,1
F0703/MID6/,F0368/MID2/,0
F0306/MID2/,F0431/MID4/,0
F0473/MID3/,F0473/MID4/,1
F0908/MID2/,F0695/MID5/,0
F0919/MID4/,F0919/MID2/,1
F0285/MID5/,F0285/MID6/,1
F0108/MID3/,F0222/MID2/,0
F0206/MID4/,F0458/MID1/,0
F0875/MID3/,F0875/MID4/,1
F0459/MID2/,F0991/MID8/,0
F0404/MID1/,F0357/MID2/,0
F0157/MID1/,F0157/MID3/,1
F0403/MID2/,F0995/MID14/,0
F0048/MID1/,F0226/MID2/,0
F0701/MID7/,F0701/MID8/,1
F0128/MID3/,F0128/MID6/,1
F0135/MID3/,F0139/MID3/,0
F0193/MID10/,F0243/MID3/,0
F0207/MID2/,F0355/MID4/,0
F0027/MID3/,F0760/MID1/,0
F0349/MID9/,F0648/MID4/,0
F0314/MID5/,F0314/MID3/,1
F0112/MID1/,F0843/MID2/,0
F0141/MID6/,F0141/MID3/,1
F0922/MID5/,F0922/MID4/,1
F0099/MID4/,F0099/MID6/,1
F0023/MID2/,F0029/MID6/,0
F0733/MID2/,F0070/MID5/,0
F0873/MID6/,F0873/MID9/,1
F0690/MID4/,F0690/MID7/,1
F0836/MID8/,F0215/MID6/,0
F0901/MID2/,F0262/MID5/,0
F0118/MID5/,F0118/MID3/,1
F0287/MID3/,F0036/MID4/,0
F0128/MID7/,F0128/MID3/,1
F0633/MID1/,F0844/MID2/,0
F0600/MID4/,F0189/MID2/,0
F0773/MID3/,F0045/MID3/,0
F0665/MID2/,F0841/MID5/,0
F0911/MID4/,F0188/MID5/,0
F0161/MID3/,F0139/MID1/,0
F0614/MID4/,F0614/MID2/,1
F0995/MID7/,F0995/MID8/,1
F0608/MID4/,F0608/MID5/,1
F0196/MID1/,F0401/MID9/,0
F0995/MID11/,F0108/MID6/,0
F0012/MID4/,F0587/MID6/,0
F0287/MID4/,F0179/MID3/,0
F0139/MID4/,F0788/MID2/,0
F0260/MID1/,F0560/MID3/,0
F0160/MID3/,F0454/MID3/,0
F0542/MID8/,F0542/MID2/,1
F0962/MID2/,F0560/MID4/,0
F0754/MID5/,F0754/MID3/,1
F0568/MID1/,F0568/MID4/,1
F0638/MID2/,F0435/MID4/,0
F0216/MID6/,F0462/MID5/,0
F0222/MID5/,F0222/MID1/,1
F0189/MID2/,F0357/MID4/,0
F0526/MID5/,F0174/MID2/,0
F0810/MID3/,F0810/MID1/,1
F0387/MID3/,F0387/MID5/,1
F0422/MID3/,F0422/MID5/,1
F0942/MID2/,F0103/MID6/,0
F0603/MID3/,F0415/MID3/,0
F0915/MID1/,F0915/MID6/,1
F0646/MID5/,F0646/MID6/,1
F0048/MID7/,F0023/MID2/,0
F0321/MID3/,F0723/MID2/,0
F0445/MID1/,F0146/MID5/,0
F0565/MID1/,F0257/MID4/,0
F0964/MID2/,F0164/MID4/,0
F0421/MID7/,F0303/MID10/,0
F0293/MID2/,F0293/MID3/,1
F0376/MID10/,F0376/MID7/,1
F0160/MID5/,F0460/MID2/,0
F0749/MID2/,F0012/MID3/,0
F0818/MID1/,F0851/MID4/,0
F0815/MID1/,F0815/MID6/,1
F0457/MID4/,F0457/MID1/,1
F0784/MID3/,F0233/MID5/,0
F0206/MID8/,F0206/MID9/,1
F0376/MID8/,F0701/MID1/,0
F0866/MID2/,F0330/MID1/,0
F0496/MID5/,F0811/MID3/,0
F0238/MID1/,F0489/MID1/,0
F0505/MID1/,F0602/MID9/,0
F0547/MID2/,F0547/MID4/,1
F0375/MID3/,F0990/MID9/,0
F0367/MID3/,F0367/MID4/,1
F0976/MID4/,F0976/MID5/,1
F0715/MID1/,F0715/MID4/,1
F0638/MID3/,F0638/MID2/,1
F0357/MID5/,F0357/MID8/,1
F0244/MID6/,F0656/MID2/,0
F0991/MID16/,F0991/MID13/,1
F0508/MID2/,F0508/MID4/,1
F0933/MID2/,F0752/MID3/,0
F0108/MID3/,F0903/MID3/,0
F0068/MID4/,F0068/MID3/,1
F0443/MID4/,F0797/MID2/,0
F0092/MID4/,F0092/MID6/,1
F0334/MID2/,F0334/MID4/,1
F0209/MID2/,F0374/MID3/,0
F0706/MID3/,F0706/MID2/,1
F0642/MID5/,F0356/MID2/,0
F0995/MID7/,F0995/MID11/,1
F0881/MID6/,F0854/MID3/,0
F0850/MID4/,F0850/MID5/,1
F0589/MID1/,F0099/MID8/,0
F0978/MID4/,F0016/MID4/,0
F0206/MID9/,F0206/MID8/,1
F0750/MID8/,F0712/MID4/,0
F0303/MID4/,F0303/MID10/,1
F0734/MID1/,F0425/MID3/,0
F0941/MID4/,F0941/MID3/,1
F0987/MID16/,F0987/MID9/,1
F0984/MID6/,F0984/MID3/,1
F0742/MID7/,F0742/MID2/,1
F0607/MID2/,F0865/MID2/,0
F0284/MID1/,F0284/MID2/,1
F0763/MID9/,F0763/MID6/,1
F0843/MID5/,F0843/MID3/,1
F0262/MID5/,F0262/MID3/,1
F0285/MID6/,F0285/MID5/,1
F0557/MID4/,F0902/MID1/,0
F0640/MID2/,F0640/MID1/,1
F0556/MID2/,F0036/MID4/,0
F0031/MID5/,F0031/MID1/,1
F0552/MID1/,F0307/MID3/,0
F0193/MID4/,F0193/MID3/,1
F0685/MID4/,F0685/MID5/,1
F0118/MID6/,F0850/MID3/,0
F0850/MID4/,F0850/MID2/,1
F0071/MID3/,F0644/MID1/,0
F0873/MID11/,F0080/MID5/,0
F0956/MID4/,F0956/MID2/,1
F0338/MID4/,F0338/MID5/,1
F0443/MID5/,F0061/MID1/,0
F0590/MID4/,F0590/MID5/,1
F0819/MID10/,F0819/MID9/,1
F0753/MID5/,F0753/MID4/,1
F0690/MID9/,F0690/MID3/,1
F0511/MID2/,F0944/MID2/,0
F0173/MID4/,F0173/MID7/,1
F0742/MID2/,F0020/MID8/,0
F0709/MID2/,F0543/MID2/,0
F0714/MID2/,F0494/MID1/,0
F0850/MID1/,F0126/MID5/,0
F0342/MID2/,F0342/MID3/,1
F0552/MID8/,F0552/MID9/,1
F0189/MID1/,F0566/MID2/,0
F0676/MID3/,F0188/MID5/,0
F0922/MID2/,F0922/MID5/,1
F0958/MID2/,F0370/MID2/,0
F0002/MID2/,F0646/MID6/,0
F0783/MID1/,F0638/MID2/,0
F0215/MID8/,F0215/MID2/,1
F0984/MID4/,F0984/MID3/,1
F0012/MID2/,F0957/MID2/,0
F0238/MID1/,F0238/MID4/,1
F0566/MID3/,F0776/MID4/,0
F0525/MID4/,F0093/MID5/,0
F0514/MID3/,F0514/MID1/,1
F0911/MID4/,F0783/MID1/,0
F0755/MID6/,F0793/MID2/,0
F0077/MID3/,F0077/MID6/,1
F0297/MID3/,F0257/MID3/,0
F0408/MID3/,F0678/MID4/,0
F0698/MID2/,F0300/MID1/,0
F0123/MID4/,F0123/MID7/,1
F0188/MID4/,F0926/MID2/,0
F0549/MID1/,F0549/MID2/,1
F0752/MID4/,F0752/MID3/,1
F0197/MID4/,F0197/MID3/,1
F0614/MID2/,F0614/MID4/,1
F0047/MID4/,F0086/MID3/,0
F0950/MID5/,F0950/MID6/,1
F0488/MID4/,F0488/MID3/,1
F0867/MID2/,F0926/MID2/,0
F0542/MID6/,F0542/MID3/,1
F0777/MID6/,F0777/MID4/,1
F0730/MID6/,F0730/MID1/,1
F0290/MID6/,F0290/MID2/,1
F0742/MID5/,F0742/MID2/,1
F0995/MID1/,F0995/MID6/,1
F0872/MID4/,F0980/MID2/,0
F0814/MID1/,F0814/MID2/,1
F0501/MID4/,F0820/MID1/,0
F0563/MID1/,F0479/MID6/,0
F0552/MID9/,F0552/MID8/,1
F0080/MID8/,F0080/MID4/,1
F0771/MID6/,F0771/MID4/,1
F0358/MID4/,F0358/MID6/,1
F0074/MID6/,F0640/MID1/,0
F0231/MID3/,F0953/MID1/,0
F0552/MID12/,F0552/MID4/,1
F0151/MID1/,F0364/MID2/,0
F0542/MID7/,F0542/MID8/,1
F0634/MID3/,F0634/MID2/,1
F0873/MID7/,F0873/MID5/,1
F0205/MID3/,F0205/MID7/,1
F0685/MID5/,F0685/MID4/,1
F0376/MID10/,F0376/MID6/,1
F0393/MID1/,F0278/MID1/,0
F0231/MID9/,F0231/MID3/,1
F0597/MID5/,F0597/MID4/,1
F0644/MID3/,F0644/MID5/,1
F0077/MID3/,F0077/MID4/,1
F0475/MID6/,F0475/MID3/,1
F0741/MID2/,F0343/MID3/,0
F0043/MID3/,F0043/MID4/,1
F0496/MID5/,F0634/MID5/,0
F0596/MID4/,F0513/MID8/,0
F0797/MID3/,F0421/MID1/,0
F0514/MID4/,F0514/MID1/,1
F0995/MID7/,F0995/MID1/,1
F0930/MID4/,F0930/MID6/,1
F0899/MID2/,F0032/MID4/,0
F0621/MID3/,F0621/MID2/,1
F0080/MID8/,F0361/MID1/,0
F0357/MID1/,F0357/MID11/,1
F0644/MID3/,F0299/MID3/,0
F0500/MID2/,F0500/MID5/,1
F0734/MID3/,F0734/MID4/,1
F0517/MID4/,F0517/MID2/,1
F0048/MID8/,F0048/MID6/,1
F0505/MID2/,F0023/MID1/,0
F0747/MID3/,F0339/MID3/,0
F0690/MID9/,F0690/MID7/,1
F0766/MID2/,F0766/MID4/,1
F0631/MID1/,F0631/MID2/,1
F0402/MID3/,F0402/MID6/,1
F0991/MID13/,F0991/MID16/,1
F0542/MID2/,F0542/MID6/,1
F0206/MID4/,F0206/MID12/,1
F0342/MID1/,F0342/MID2/,1
F0983/MID3/,F0704/MID1/,0
F0754/MID5/,F0754/MID4/,1
F0878/MID1/,F0763/MID6/,0
F0074/MID2/,F0539/MID4/,0
F0810/MID1/,F0810/MID3/,1
F0090/MID1/,F0715/MID5/,0
F0368/MID7/,F0911/MID5/,0
F0176/MID2/,F0044/MID2/,0
F0034/MID3/,F0034/MID4/,1
F0806/MID1/,F0873/MID12/,0
F0315/MID4/,F0716/MID3/,0
F0885/MID2/,F0922/MID3/,0
F0752/MID8/,F0752/MID6/,1
F0725/MID3/,F0270/MID4/,0
F0929/MID4/,F0929/MID3/,1
F0551/MID4/,F0551/MID3/,1
F0643/MID1/,F0991/MID15/,0
F0343/MID2/,F0596/MID2/,0
F0726/MID1/,F0726/MID4/,1
F0873/MID2/,F0873/MID5/,1
F0033/MID5/,F0033/MID4/,1
F0479/MID3/,F0479/MID6/,1
F0387/MID1/,F0270/MID4/,0
F0204/MID3/,F0204/MID4/,1
F0173/MID7/,F0173/MID6/,1
F0764/MID5/,F0116/MID1/,0
F0008/MID4/,F0476/MID3/,0
F0995/MID12/,F0995/MID8/,1
F0646/MID4/,F0646/MID2/,1
F0525/MID2/,F0315/MID1/,0
F0896/MID4/,F0896/MID5/,1
F0257/MID3/,F0257/MID2/,1
F0123/MID3/,F0123/MID4/,1
F0730/MID1/,F0730/MID6/,1
F0425/MID10/,F0425/MID8/,1
F0150/MID4/,F0150/MID3/,1
F0836/MID5/,F0836/MID8/,1
F0442/MID4/,F0442/MID2/,1
F0637/MID2/,F0171/MID7/,0
F0713/MID1/,F0713/MID2/,1
F0036/MID3/,F0036/MID7/,1
F0231/MID9/,F0231/MID4/,1
F0822/MID2/,F0560/MID5/,0
F0836/MID7/,F0836/MID5/,1
F0168/MID1/,F0042/MID3/,0
F0873/MID2/,F0873/MID9/,1
F0046/MID5/,F0046/MID3/,1
F0573/MID2/,F0222/MID5/,0
F0273/MID3/,F0099/MID5/,0
F0070/MID4/,F0070/MID5/,1
F0036/MID7/,F0036/MID3/,1
F0636/MID2/,F0092/MID4/,0
F0043/MID4/,F0043/MID2/,1
F0379/MID1/,F0262/MID1/,0
F0209/MID3/,F0451/MID7/,0
F0197/MID3/,F0756/MID5/,0
F0043/MID2/,F0043/MID4/,1
F0712/MID4/,F0712/MID2/,1
F0083/MID2/,F0071/MID5/,0
F0122/MID5/,F0218/MID7/,0
F0077/MID2/,F0915/MID3/,0
F0885/MID1/,F0690/MID9/,0
F0079/MID2/,F0079/MID1/,1
F0309/MID5/,F0749/MID5/,0
F0353/MID2/,F0961/MID1/,0
F0808/MID1/,F0808/MID2/,1
F0782/MID4/,F0475/MID1/,0
F0836/MID7/,F0375/MID1/,0
F0611/MID3/,F0611/MID4/,1
F0068/MID3/,F0068/MID4/,1
F0215/MID2/,F0687/MID2/,0
F0873/MID6/,F0873/MID3/,1
F0353/MID4/,F0353/MID3/,1
F0210/MID2/,F0386/MID1/,0
F0118/MID3/,F0118/MID6/,1
F0542/MID7/,F0542/MID6/,1
F0087/MID3/,F0087/MID4/,1
F0613/MID1/,F0613/MID5/,1
F0373/MID3/,F0373/MID4/,1
F0934/MID1/,F0338/MID4/,0
F0448/MID1/,F0213/MID2/,0
F0230/MID4/,F0807/MID1/,0
F0896/MID4/,F0896/MID3/,1
F0819/MID9/,F0887/MID9/,0
F0273/MID3/,F0273/MID4/,1
F0046/MID3/,F0046/MID5/,1
F0050/MID3/,F0259/MID4/,0
F0402/MID3/,F0069/MID2/,0
F0338/MID5/,F0338/MID4/,1
F0564/MID4/,F0597/MID1/,0
F0068/MID1/,F0461/MID2/,0
F0796/MID7/,F0796/MID4/,1
F0034/MID1/,F0665/MID2/,0
F0583/MID1/,F0583/MID5/,1
F0879/MID6/,F0658/MID1/,0
F0658/MID1/,F0606/MID1/,0
F0996/MID5/,F0996/MID4/,1
F0414/MID2/,F0414/MID6/,1
F0978/MID1/,F0349/MID5/,0
F0501/MID4/,F0501/MID3/,1
F0468/MID4/,F0887/MID6/,0
F0290/MID4/,F0290/MID6/,1
F0746/MID2/,F0746/MID4/,1
F0552/MID12/,F0841/MID3/,0
F0549/MID2/,F0473/MID2/,0
F0690/MID3/,F0690/MID10/,1
F0317/MID4/,F0317/MID5/,1
F0514/MID4/,F0514/MID2/,1
F0673/MID5/,F0673/MID3/,1
F0898/MID4/,F0387/MID2/,0
F0253/MID7/,F0278/MID4/,0
F0246/MID7/,F0269/MID4/,0
F0254/MID1/,F0254/MID5/,1
F0506/MID4/,F0506/MID5/,1
F0699/MID1/,F0699/MID8/,1
F0400/MID9/,F0400/MID5/,1
F0495/MID5/,F0581/MID4/,0
F0403/MID5/,F0403/MID3/,1
F0561/MID4/,F0766/MID3/,0
F0976/MID5/,F0976/MID6/,1
F0432/MID5/,F0595/MID6/,0
F0246/MID1/,F0246/MID7/,1
F0362/MID1/,F0456/MID2/,0
F0976/MID3/,F0617/MID5/,0
F0475/MID1/,F0475/MID8/,1
F0740/MID1/,F0740/MID5/,1
F0312/MID7/,F0267/MID5/,0
F0215/MID9/,F0215/MID2/,1
F0838/MID1/,F0185/MID5/,0
F0770/MID3/,F0397/MID2/,0
F0994/MID2/,F0994/MID3/,1
F0033/MID4/,F0033/MID3/,1
F0811/MID7/,F0303/MID8/,0
F0746/MID5/,F0999/MID3/,0
F0020/MID2/,F0432/MID5/,0
F0767/MID6/,F0283/MID2/,0
F0476/MID1/,F0476/MID5/,1
F0284/MID6/,F0843/MID5/,0
F0599/MID3/,F0011/MID3/,0
F0114/MID5/,F0308/MID2/,0
F0048/MID6/,F0048/MID8/,1
F0123/MID3/,F0079/MID4/,0
F0517/MID2/,F0527/MID3/,0
F0081/MID8/,F0081/MID7/,1
F0219/MID4/,F0219/MID5/,1
F0218/MID5/,F0218/MID6/,1
F0292/MID5/,F0292/MID3/,1
F0303/MID3/,F0303/MID5/,1
F0378/MID6/,F0378/MID3/,1
F0414/MID6/,F0991/MID15/,0
F0995/MID1/,F0995/MID7/,1
F0957/MID4/,F0957/MID5/,1
F0759/MID6/,F0759/MID1/,1
F0989/MID3/,F0442/MID5/,0
F0276/MID1/,F0276/MID4/,1
F0940/MID5/,F0256/MID6/,0
F0064/MID4/,F0064/MID6/,1
F0170/MID3/,F0170/MID1/,1
F0622/MID5/,F0622/MID1/,1
F0099/MID5/,F0508/MID4/,0
F0334/MID3/,F0334/MID1/,1
F0495/MID1/,F0495/MID5/,1
F0385/MID1/,F0814/MID6/,0
F0120/MID4/,F0465/MID1/,0
F0028/MID1/,F0308/MID2/,0
F0742/MID5/,F0742/MID4/,1
F0123/MID6/,F0123/MID5/,1
F0286/MID1/,F0879/MID5/,0
F0552/MID3/,F0552/MID6/,1
F0016/MID4/,F0324/MID5/,0
F0337/MID9/,F0337/MID2/,1
F0531/MID4/,F0146/MID3/,0
F0390/MID3/,F0127/MID6/,0
F0615/MID3/,F0090/MID4/,0
F0995/MID6/,F0995/MID11/,1
F0998/MID5/,F0741/MID6/,0
F0821/MID4/,F0821/MID5/,1
F0801/MID2/,F0801/MID1/,1
F0817/MID1/,F0854/MID4/,0
F0796/MID9/,F0215/MID1/,0
F0873/MID6/,F0873/MID4/,1
F0984/MID3/,F0984/MID6/,1
F0400/MID8/,F0953/MID1/,0
F0843/MID3/,F0843/MID5/,1
F0028/MID4/,F0324/MID5/,0
F0125/MID2/,F0125/MID4/,1
F0170/MID1/,F0020/MID1/,0
F0222/MID1/,F0222/MID4/,1
F0646/MID3/,F0919/MID5/,0
F0376/MID10/,F0376/MID4/,1
F0767/MID3/,F0767/MID6/,1
F0345/MID2/,F0875/MID2/,0
F0621/MID1/,F0908/MID3/,0
F0816/MID3/,F0816/MID5/,1
F0279/MID2/,F0496/MID4/,0
F0922/MID2/,F0467/MID4/,0
F0117/MID5/,F0117/MID3/,1
F0337/MID5/,F0382/MID3/,0
F0387/MID3/,F0387/MID4/,1
F0180/MID1/,F0996/MID5/,0
F0872/MID8/,F0872/MID5/,1
F0634/MID2/,F0634/MID3/,1
F0048/MID11/,F0556/MID5/,0
F0881/MID4/,F0309/MID2/,0
F0305/MID2/,F0743/MID4/,0
F0672/MID7/,F0672/MID2/,1
F0425/MID8/,F0510/MID4/,0
F0456/MID3/,F0456/MID4/,1
F0938/MID3/,F0291/MID8/,0
F0233/MID4/,F0690/MID6/,0
F0256/MID6/,F0256/MID7/,1
F0141/MID5/,F0141/MID6/,1
F0975/MID2/,F0542/MID8/,0
F0987/MID11/,F0987/MID1/,1
F0472/MID4/,F0995/MID8/,0
F0755/MID5/,F0514/MID3/,0
F0577/MID2/,F0031/MID1/,0
F0450/MID2/,F0342/MID1/,0
F0644/MID3/,F0775/MID5/,0
F0503/MID3/,F0609/MID2/,0
F0357/MID6/,F0357/MID11/,1
F0262/MID5/,F0262/MID4/,1
F0633/MID5/,F0633/MID3/,1
F0763/MID7/,F0763/MID2/,1
F0390/MID10/,F0216/MID1/,0
F0293/MID3/,F0293/MID2/,1
F0701/MID8/,F0701/MID7/,1
F0416/MID2/,F0416/MID5/,1
F0205/MID4/,F0617/MID3/,0
F0991/MID3/,F0842/MID2/,0
F0376/MID7/,F0376/MID10/,1
F0392/MID1/,F0565/MID2/,0
F1000/MID9/,F1000/MID7/,1
F0783/MID3/,F0502/MID2/,0
F0067/MID1/,F0500/MID2/,0
F0327/MID4/,F0327/MID5/,1
F0873/MID3/,F0873/MID2/,1
F0703/MID3/,F0703/MID7/,1
F0235/MID1/,F0150/MID2/,0
F0341/MID3/,F0341/MID1/,1
F0954/MID5/,F0954/MID3/,1
F0516/MID2/,F0503/MID8/,0
F0811/MID6/,F0510/MID1/,0
F0401/MID6/,F0401/MID9/,1
F0870/MID1/,F0230/MID2/,0
F0676/MID3/,F0735/MID3/,0
F0918/MID4/,F0569/MID3/,0
F0590/MID7/,F0699/MID4/,0
F0341/MID1/,F0341/MID3/,1
F0123/MID5/,F0123/MID7/,1
F0158/MID5/,F0158/MID1/,1
F0291/MID4/,F0291/MID5/,1
F0376/MID2/,F0108/MID4/,0
F0141/MID5/,F0141/MID4/,1
F0217/MID2/,F0248/MID3/,0
F0797/MID3/,F0706/MID1/,0
F0887/MID11/,F0770/MID1/,0
F0425/MID7/,F0425/MID1/,1
F0887/MID1/,F0816/MID2/,0
F0061/MID2/,F0266/MID2/,0
F0750/MID2/,F0143/MID1/,0
F0687/MID1/,F0390/MID11/,0
F0696/MID3/,F0696/MID5/,1
F0163/MID3/,F0163/MID5/,1
F0759/MID1/,F0759/MID7/,1
F0854/MID4/,F0479/MID5/,0
F0701/MID8/,F0701/MID5/,1
F0921/MID6/,F0921/MID3/,1
F0987/MID15/,F0990/MID4/,0
F0696/MID6/,F0696/MID5/,1
F0735/MID3/,F0735/MID4/,1
F0807/MID1/,F0170/MID3/,0
F0563/MID1/,F0872/MID7/,0
F0815/MID1/,F0815/MID5/,1
F0207/MID1/,F0004/MID4/,0
F0735/MID1/,F0628/MID4/,0
F0214/MID2/,F0214/MID3/,1
F0387/MID4/,F0387/MID3/,1
F0995/MID12/,F0995/MID9/,1
F0746/MID4/,F0751/MID3/,0
F0759/MID8/,F0735/MID1/,0
F0034/MID4/,F0034/MID3/,1
F0664/MID3/,F0333/MID2/,0
F0552/MID6/,F0552/MID5/,1
F0534/MID1/,F0842/MID1/,0
F0475/MID5/,F0475/MID4/,1
F0273/MID3/,F0631/MID3/,0
F0568/MID1/,F0568/MID5/,1
F0007/MID3/,F0007/MID4/,1
F0991/MID3/,F0991/MID6/,1
F0357/MID10/,F0357/MID3/,1
F0699/MID3/,F0406/MID1/,0
F0627/MID1/,F0974/MID2/,0
F0449/MID2/,F0484/MID7/,0
F0848/MID4/,F0168/MID1/,0
